userId,postId,liked,favorite,category,description,likesCount,shareCount,viewCount,commentCount,clicks  
5eece14efc13ae6609000000,101,True,False,tech,Je viens de découvrir quelques astuces vraiment utiles pour tirer le meilleur parti de notre nouveau décodeur Wyplay.,5,6,9,18,9
5eece14efc13ae6609000000,102,False,False,travel,Je viens de découvrir quelques astuces vraiment utiles pour tirer le meilleur parti de notre nouveau décodeur Wyplay.,1,8,2,20,5
5eece14efc13ae6609000000,103,True,False,tech,Je viens de découvrir quelques astuces vraiment utiles pour tirer le meilleur parti de notre nouveau décodeur Wyplay.,9,1,1,7,5
5eece14efc13ae6609000003,104,True,True,tech,Je viens de découvrir quelques astuces vraiment utiles pour tirer le meilleur parti de notre nouveau décodeur Wyplay.,0,8,11,11,5
5eece14efc13ae6609000003,105,True,True,travel,Je viens de découvrir quelques astuces vraiment utiles pour tirer le meilleur parti de notre nouveau décodeur Wyplay.,9,9,12,17,6
5eece14efc13ae6609000003,106,False,True,travel,Je viens de découvrir quelques astuces vraiment utiles pour tirer le meilleur parti de notre nouveau décodeur Wyplay.,7,1,4,14,10
5eece14efc13ae6609000006,107,True,False,tech,Je viens de découvrir quelques astuces vraiment utiles pour tirer le meilleur parti de notre nouveau décodeur Wyplay.,0,8,2,9,2
5eece14efc13ae6609000006,108,True,True,tech,Discover the latest trends in tech with our expert insights and reviews. Stay ahead with Wyplay,0,4,17,11,0
5eece14efc13ae6609000006,109,False,True,tech,Je viens de découvrir quelques astuces vraiment utiles pour tirer le meilleur parti de notre nouveau décodeur Wyplay.,0,1,18,20,1
5eece14efc13ae6609000009,110,False,True,travel,Je viens de découvrir quelques astuces vraiment utiles pour tirer le meilleur parti de notre nouveau décodeur Wyplay.,5,2,15,12,3
5eece14efc13ae6609000009,111,True,False,lifestyle,Je viens de découvrir quelques astuces vraiment utiles pour tirer le meilleur parti de notre nouveau décodeur Wyplay.,8,5,14,14,0
5eece14efc13ae6609000009,112,False,True,tech,Je viens de découvrir quelques astuces vraiment utiles pour tirer le meilleur parti de notre nouveau décodeur Wyplay.,6,1,13,4,9
5eece14efc13ae660900000c,113,False,True,tech,Je viens de découvrir quelques astuces vraiment utiles pour tirer le meilleur parti de notre nouveau décodeur Wyplay.,5,10,10,4,7
5eece14efc13ae660900000c,114,True,True,food,Je viens de découvrir quelques astuces vraiment utiles pour tirer le meilleur parti de notre nouveau décodeur Wyplay.,2,7,18,15,6
5eece14efc13ae660900000c,115,False,False,lifestyle,Je viens de découvrir quelques astuces vraiment utiles pour tirer le meilleur parti de notre nouveau décodeur Wyplay.,7,9,15,18,6
5eece14efc13ae660900000f,116,False,False,food,Je viens de découvrir quelques astuces vraiment utiles pour tirer le meilleur parti de notre nouveau décodeur Wyplay.,3,10,20,12,2
5eece14efc13ae660900000f,117,True,True,food,Je viens de découvrir quelques astuces vraiment utiles pour tirer le meilleur parti de notre nouveau décodeur Wyplay.,9,2,0,13,8
5eece14efc13ae660900000f,118,False,True,tech,Explore exotic destinations with our travel guides and tips. Your adventure starts here with Wyplay,1,7,8,11,0
5eece14efc13ae6609000012,119,True,False,travel,Je viens de découvrir quelques astuces vraiment utiles pour tirer le meilleur parti de notre nouveau décodeur Wyplay.,7,2,19,11,0
5eece14efc13ae6609000012,120,False,True,lifestyle,Je viens de découvrir quelques astuces vraiment utiles pour tirer le meilleur parti de notre nouveau décodeur Wyplay.,10,6,11,7,1
5eece14efc13ae6609000012,121,False,False,lifestyle,Je viens de découvrir quelques astuces vraiment utiles pour tirer le meilleur parti de notre nouveau décodeur Wyplay.,1,9,3,10,0
5eece14efc13ae6609000015,122,False,False,food,Je viens de découvrir quelques astuces vraiment utiles pour tirer le meilleur parti de notre nouveau décodeur Wyplay.,3,8,16,10,0
5eece14efc13ae6609000015,123,False,True,food,Je viens de découvrir quelques astuces vraiment utiles pour tirer le meilleur parti de notre nouveau décodeur Wyplay.,5,10,5,18,0
5eece14efc13ae6609000015,124,False,False,tech,Je viens de découvrir quelques astuces vraiment utiles pour tirer le meilleur parti de notre nouveau décodeur Wyplay.,5,8,10,19,4
5eece14efc13ae6609000018,125,True,False,tech,Je viens de découvrir quelques astuces vraiment utiles pour tirer le meilleur parti de notre nouveau décodeur Wyplay.,10,3,11,11,6
5eece14efc13ae6609000018,126,True,True,travel,Je viens de découvrir quelques astuces vraiment utiles pour tirer le meilleur parti de notre nouveau décodeur Wyplay.,3,3,2,10,2
5eece14efc13ae6609000018,127,False,False,tech,Je viens de découvrir quelques astuces vraiment utiles pour tirer le meilleur parti de notre nouveau décodeur Wyplay.,8,8,6,0,6
5eece14efc13ae660900001b,128,False,True,tech,Améliorez votre quotidien avec les conseils de bien-être de Wyplay. Transformez votre vie avec nos astuces inspirantes,10,4,19,16,9
5eece14efc13ae660900001b,129,True,True,travel,Je viens de découvrir quelques astuces vraiment utiles pour tirer le meilleur parti de notre nouveau décodeur Wyplay.,4,5,0,4,10
5eece14efc13ae660900001b,130,False,True,food,Je viens de découvrir quelques astuces vraiment utiles pour tirer le meilleur parti de notre nouveau décodeur Wyplay.,9,6,9,1,5
5eece14efc13ae660900001e,131,True,True,tech,Je viens de découvrir quelques astuces vraiment utiles pour tirer le meilleur parti de notre nouveau décodeur Wyplay.,4,6,18,4,2
5eece14efc13ae660900001e,132,False,True,food,Je viens de découvrir quelques astuces vraiment utiles pour tirer le meilleur parti de notre nouveau décodeur Wyplay.,2,7,20,18,1
5eece14efc13ae660900001e,133,False,True,tech,help me i have some problem with wyplya and i just buyed the memebership,9,5,10,13,2
5eece14efc13ae6609000021,134,False,False,food,Je viens de découvrir quelques astuces vraiment utiles pour tirer le meilleur parti de notre nouveau décodeur Wyplay.,1,10,1,15,0
5eece14efc13ae6609000021,135,True,True,travel,very good post,7,10,2,3,6
5eece14efc13ae6609000021,136,False,False,travel,Je viens de découvrir quelques astuces vraiment utiles pour tirer le meilleur parti de notre nouveau décodeur Wyplay.,0,0,12,18,6
5eece14efc13ae6609000024,137,True,False,travel,Je viens de découvrir quelques astuces vraiment utiles pour tirer le meilleur parti de notre nouveau décodeur Wyplay.,1,7,3,17,9
5eece14efc13ae6609000024,138,False,False,tech,Je viens de découvrir quelques astuces vraiment utiles pour tirer le meilleur parti de notre nouveau décodeur Wyplay.,4,0,19,11,3
5eece14efc13ae6609000024,139,False,False,food,Je viens de découvrir quelques astuces vraiment utiles pour tirer le meilleur parti de notre nouveau décodeur Wyplay.,3,6,10,20,10
5eece14efc13ae6609000027,140,True,True,travel,Je viens de découvrir quelques astuces vraiment utiles pour tirer le meilleur parti de notre nouveau décodeur Wyplay.,6,0,7,14,10
5eece14efc13ae6609000027,141,False,True,travel,Je viens de découvrir quelques astuces vraiment utiles pour tirer le meilleur parti de notre nouveau décodeur Wyplay.,3,9,16,13,10
5eece14efc13ae6609000027,142,False,True,travel,Je viens de découvrir quelques astuces vraiment utiles pour tirer le meilleur parti de notre nouveau décodeur Wyplay.,8,6,6,4,0
5eece14efc13ae660900002a,143,False,True,lifestyle,Je viens de découvrir quelques astuces vraiment utiles pour tirer le meilleur parti de notre nouveau décodeur Wyplay.,1,4,12,10,6
5eece14efc13ae660900002a,144,True,True,food,Je viens de découvrir quelques astuces vraiment utiles pour tirer le meilleur parti de notre nouveau décodeur Wyplay.,8,8,2,12,4
5eece14efc13ae660900002a,145,True,True,travel,Je viens de découvrir quelques astuces vraiment utiles pour tirer le meilleur parti de notre nouveau décodeur Wyplay.,8,7,18,1,5
5eece14efc13ae660900002d,146,False,True,travel,Je viens de découvrir quelques astuces vraiment utiles pour tirer le meilleur parti de notre nouveau décodeur Wyplay.,2,10,6,18,2
5eece14efc13ae660900002d,147,False,True,travel,Je viens de découvrir quelques astuces vraiment utiles pour tirer le meilleur parti de notre nouveau décodeur Wyplay.,2,0,6,9,9
5eece14efc13ae660900002d,148,True,False,travel,Je viens de découvrir quelques astuces vraiment utiles pour tirer le meilleur parti de notre nouveau décodeur Wyplay.,6,7,3,16,7
5eece14efc13ae6609000030,149,False,False,lifestyle,Je viens de découvrir quelques astuces vraiment utiles pour tirer le meilleur parti de notre nouveau décodeur Wyplay.,5,9,3,10,9
5eece14efc13ae6609000030,150,True,False,travel,Je viens de découvrir quelques astuces vraiment utiles pour tirer le meilleur parti de notre nouveau décodeur Wyplay.,9,6,15,11,8
5eece14efc13ae6609000030,151,True,True,tech,Je viens de découvrir quelques astuces vraiment utiles pour tirer le meilleur parti de notre nouveau décodeur Wyplay.,3,3,8,6,5
5eece14efc13ae6609000033,152,False,False,food,Je viens de découvrir quelques astuces vraiment utiles pour tirer le meilleur parti de notre nouveau décodeur Wyplay.,2,3,6,15,0
5eece14efc13ae6609000033,153,False,False,food,Je viens de découvrir quelques astuces vraiment utiles pour tirer le meilleur parti de notre nouveau décodeur Wyplay.,6,6,5,5,9
5eece14efc13ae6609000033,154,False,True,tech,Je viens de découvrir quelques astuces vraiment utiles pour tirer le meilleur parti de notre nouveau décodeur Wyplay.,8,8,15,0,3
5eece14efc13ae6609000036,155,True,True,travel,Je viens de découvrir quelques astuces vraiment utiles pour tirer le meilleur parti de notre nouveau décodeur Wyplay.,10,1,4,17,3
5eece14efc13ae6609000036,156,False,True,food,Je viens de découvrir quelques astuces vraiment utiles pour tirer le meilleur parti de notre nouveau décodeur Wyplay.,4,5,3,10,8
5eece14efc13ae6609000036,157,True,True,lifestyle,Je viens de découvrir quelques astuces vraiment utiles pour tirer le meilleur parti de notre nouveau décodeur Wyplay.,3,3,14,9,4
5eece14efc13ae6609000039,158,False,True,food,Je viens de découvrir quelques astuces vraiment utiles pour tirer le meilleur parti de notre nouveau décodeur Wyplay.,10,10,15,10,1
5eece14efc13ae6609000039,159,False,True,tech,Je viens de découvrir quelques astuces vraiment utiles pour tirer le meilleur parti de notre nouveau décodeur Wyplay.,7,2,8,9,10
5eece14efc13ae6609000039,160,True,True,travel,Je viens de découvrir quelques astuces vraiment utiles pour tirer le meilleur parti de notre nouveau décodeur Wyplay.,3,10,3,6,2
5eece14efc13ae660900003c,161,False,True,travel,Je viens de découvrir quelques astuces vraiment utiles pour tirer le meilleur parti de notre nouveau décodeur Wyplay.,2,9,2,6,6
5eece14efc13ae660900003c,162,False,False,lifestyle,Je viens de découvrir quelques astuces vraiment utiles pour tirer le meilleur parti de notre nouveau décodeur Wyplay.,4,1,15,12,5
5eece14efc13ae660900003c,163,False,True,food,Je viens de découvrir quelques astuces vraiment utiles pour tirer le meilleur parti de notre nouveau décodeur Wyplay.,10,3,4,11,8
5eece14efc13ae660900003f,164,True,True,travel,Je viens de découvrir quelques astuces vraiment utiles pour tirer le meilleur parti de notre nouveau décodeur Wyplay.,9,3,13,9,5
5eece14efc13ae660900003f,165,False,False,food,Je viens de découvrir quelques astuces vraiment utiles pour tirer le meilleur parti de notre nouveau décodeur Wyplay.,1,10,9,14,2
5eece14efc13ae660900003f,166,True,False,food,Je viens de découvrir quelques astuces vraiment utiles pour tirer le meilleur parti de notre nouveau décodeur Wyplay.,1,4,6,4,4
5eece14efc13ae6609000042,167,False,False,tech,Je viens de découvrir quelques astuces vraiment utiles pour tirer le meilleur parti de notre nouveau décodeur Wyplay.,4,0,19,20,3
5eece14efc13ae6609000042,168,False,False,food,Je viens de découvrir quelques astuces vraiment utiles pour tirer le meilleur parti de notre nouveau décodeur Wyplay.,2,1,3,7,9
5eece14efc13ae6609000042,169,False,False,lifestyle,Je viens de découvrir quelques astuces vraiment utiles pour tirer le meilleur parti de notre nouveau décodeur Wyplay.,0,3,20,1,10
5eece14efc13ae6609000045,170,False,False,lifestyle,Je viens de découvrir quelques astuces vraiment utiles pour tirer le meilleur parti de notre nouveau décodeur Wyplay.,1,6,1,12,2
5eece14efc13ae6609000045,171,False,True,tech,Je viens de découvrir quelques astuces vraiment utiles pour tirer le meilleur parti de notre nouveau décodeur Wyplay.,6,10,19,3,2
5eece14efc13ae6609000045,172,True,True,food,Je viens de découvrir quelques astuces vraiment utiles pour tirer le meilleur parti de notre nouveau décodeur Wyplay.,8,1,1,15,8
5eece14efc13ae6609000048,173,False,False,food,Je viens de découvrir quelques astuces vraiment utiles pour tirer le meilleur parti de notre nouveau décodeur Wyplay.,2,2,0,16,1
5eece14efc13ae6609000048,174,True,False,lifestyle,Je viens de découvrir quelques astuces vraiment utiles pour tirer le meilleur parti de notre nouveau décodeur Wyplay.,7,8,15,17,1
5eece14efc13ae6609000048,175,True,False,travel,Je viens de découvrir quelques astuces vraiment utiles pour tirer le meilleur parti de notre nouveau décodeur Wyplay.,0,4,11,0,5
5eece14efc13ae660900004b,176,False,False,tech,Je viens de découvrir quelques astuces vraiment utiles pour tirer le meilleur parti de notre nouveau décodeur Wyplay.,9,2,16,17,0
5eece14efc13ae660900004b,177,False,False,travel,Je viens de découvrir quelques astuces vraiment utiles pour tirer le meilleur parti de notre nouveau décodeur Wyplay.,0,9,15,8,1
5eece14efc13ae660900004b,178,False,True,travel,Je viens de découvrir quelques astuces vraiment utiles pour tirer le meilleur parti de notre nouveau décodeur Wyplay.,5,10,0,4,1
5eece14efc13ae660900004e,179,True,False,tech,Je viens de découvrir quelques astuces vraiment utiles pour tirer le meilleur parti de notre nouveau décodeur Wyplay.,2,0,8,20,3
5eece14efc13ae660900004e,180,False,False,lifestyle,Je viens de découvrir quelques astuces vraiment utiles pour tirer le meilleur parti de notre nouveau décodeur Wyplay.,2,7,8,18,10
5eece14efc13ae660900004e,181,True,True,tech,Je viens de découvrir quelques astuces vraiment utiles pour tirer le meilleur parti de notre nouveau décodeur Wyplay.,8,9,15,6,9
5eece14efc13ae6609000051,182,False,True,food,Je viens de découvrir quelques astuces vraiment utiles pour tirer le meilleur parti de notre nouveau décodeur Wyplay.,4,6,8,7,10
5eece14efc13ae6609000051,183,False,True,travel,Je viens de découvrir quelques astuces vraiment utiles pour tirer le meilleur parti de notre nouveau décodeur Wyplay.,4,3,17,2,4
5eece14efc13ae6609000051,184,True,True,food,Je viens de découvrir quelques astuces vraiment utiles pour tirer le meilleur parti de notre nouveau décodeur Wyplay.,8,1,10,8,6
5eece14efc13ae6609000054,185,False,True,lifestyle,Je viens de découvrir quelques astuces vraiment utiles pour tirer le meilleur parti de notre nouveau décodeur Wyplay.,4,9,14,19,3
5eece14efc13ae6609000054,186,False,False,food,Je viens de découvrir quelques astuces vraiment utiles pour tirer le meilleur parti de notre nouveau décodeur Wyplay.,10,10,20,8,6
5eece14efc13ae6609000054,187,False,True,tech,Je viens de découvrir quelques astuces vraiment utiles pour tirer le meilleur parti de notre nouveau décodeur Wyplay.,8,8,14,8,7
5eece14efc13ae6609000057,188,True,True,travel,Je viens de découvrir quelques astuces vraiment utiles pour tirer le meilleur parti de notre nouveau décodeur Wyplay.,8,8,13,15,1
5eece14efc13ae6609000057,189,False,True,travel,Je viens de découvrir quelques astuces vraiment utiles pour tirer le meilleur parti de notre nouveau décodeur Wyplay.,1,9,10,3,10
5eece14efc13ae6609000057,190,False,True,lifestyle,Je viens de découvrir quelques astuces vraiment utiles pour tirer le meilleur parti de notre nouveau décodeur Wyplay.,6,8,13,19,10
5eece14efc13ae660900005a,191,True,False,food,Je viens de découvrir quelques astuces vraiment utiles pour tirer le meilleur parti de notre nouveau décodeur Wyplay.,0,7,1,14,5
5eece14efc13ae660900005a,192,True,False,lifestyle,Je viens de découvrir quelques astuces vraiment utiles pour tirer le meilleur parti de notre nouveau décodeur Wyplay.,5,4,17,14,3
5eece14efc13ae660900005a,193,False,True,lifestyle,Je viens de découvrir quelques astuces vraiment utiles pour tirer le meilleur parti de notre nouveau décodeur Wyplay.,7,2,3,10,1
5eece14efc13ae660900005d,194,True,True,lifestyle,Je viens de découvrir quelques astuces vraiment utiles pour tirer le meilleur parti de notre nouveau décodeur Wyplay.,4,1,10,20,0
5eece14efc13ae660900005d,195,False,True,travel,Je viens de découvrir quelques astuces vraiment utiles pour tirer le meilleur parti de notre nouveau décodeur Wyplay.,5,9,15,10,9
5eece14efc13ae660900005d,196,True,True,tech,Je viens de découvrir quelques astuces vraiment utiles pour tirer le meilleur parti de notre nouveau décodeur Wyplay.,10,8,11,8,5
5eece14efc13ae6609000060,197,True,False,tech,Je viens de découvrir quelques astuces vraiment utiles pour tirer le meilleur parti de notre nouveau décodeur Wyplay.,2,6,13,5,8
5eece14efc13ae6609000060,198,False,True,travel,Je viens de découvrir quelques astuces vraiment utiles pour tirer le meilleur parti de notre nouveau décodeur Wyplay.,1,9,14,14,10
5eece14efc13ae6609000060,199,False,False,food,Je viens de découvrir quelques astuces vraiment utiles pour tirer le meilleur parti de notre nouveau décodeur Wyplay.,8,8,20,10,7
5eece14efc13ae6609000063,200,True,False,travel,Je viens de découvrir quelques astuces vraiment utiles pour tirer le meilleur parti de notre nouveau décodeur Wyplay.,10,1,19,16,3
5eece14efc13ae6609000063,201,False,True,tech,Je viens de découvrir quelques astuces vraiment utiles pour tirer le meilleur parti de notre nouveau décodeur Wyplay.,10,2,6,12,3
5eece14efc13ae6609000063,202,True,True,travel,Je viens de découvrir quelques astuces vraiment utiles pour tirer le meilleur parti de notre nouveau décodeur Wyplay.,6,0,12,13,8
5eece14efc13ae6609000066,203,False,True,travel,Je viens de découvrir quelques astuces vraiment utiles pour tirer le meilleur parti de notre nouveau décodeur Wyplay.,2,9,17,20,9
5eece14efc13ae6609000066,204,True,True,tech,Je viens de découvrir quelques astuces vraiment utiles pour tirer le meilleur parti de notre nouveau décodeur Wyplay.,10,0,13,11,6
5eece14efc13ae6609000066,205,True,True,tech,Je viens de découvrir quelques astuces vraiment utiles pour tirer le meilleur parti de notre nouveau décodeur Wyplay.,4,9,17,16,9
5eece14efc13ae6609000069,206,True,False,travel,Je viens de découvrir quelques astuces vraiment utiles pour tirer le meilleur parti de notre nouveau décodeur Wyplay.,3,0,8,6,0
5eece14efc13ae6609000069,207,True,False,food,Je viens de découvrir quelques astuces vraiment utiles pour tirer le meilleur parti de notre nouveau décodeur Wyplay.,4,9,10,7,6
5eece14efc13ae6609000069,208,False,True,lifestyle,Je viens de découvrir quelques astuces vraiment utiles pour tirer le meilleur parti de notre nouveau décodeur Wyplay.,2,8,7,5,9
5eece14efc13ae660900006c,209,False,False,tech,Je viens de découvrir quelques astuces vraiment utiles pour tirer le meilleur parti de notre nouveau décodeur Wyplay.,3,6,10,12,4
5eece14efc13ae660900006c,210,False,False,lifestyle,Je viens de découvrir quelques astuces vraiment utiles pour tirer le meilleur parti de notre nouveau décodeur Wyplay.,10,5,5,19,8
5eece14efc13ae660900006c,211,True,True,food,Je viens de découvrir quelques astuces vraiment utiles pour tirer le meilleur parti de notre nouveau décodeur Wyplay.,10,10,5,19,5
5eece14efc13ae660900006f,212,False,True,travel,Je viens de découvrir quelques astuces vraiment utiles pour tirer le meilleur parti de notre nouveau décodeur Wyplay.,6,3,2,19,3
5eece14efc13ae660900006f,213,False,True,travel,Je viens de découvrir quelques astuces vraiment utiles pour tirer le meilleur parti de notre nouveau décodeur Wyplay.,8,5,7,8,6
5eece14efc13ae660900006f,214,False,True,tech,Je viens de découvrir quelques astuces vraiment utiles pour tirer le meilleur parti de notre nouveau décodeur Wyplay.,1,2,15,3,1
5eece14efc13ae6609000072,215,True,False,lifestyle,Je viens de découvrir quelques astuces vraiment utiles pour tirer le meilleur parti de notre nouveau décodeur Wyplay.,2,2,17,15,3
5eece14efc13ae6609000072,216,False,True,food,Je viens de découvrir quelques astuces vraiment utiles pour tirer le meilleur parti de notre nouveau décodeur Wyplay.,1,4,5,0,2
5eece14efc13ae6609000072,217,False,True,food,Je viens de découvrir quelques astuces vraiment utiles pour tirer le meilleur parti de notre nouveau décodeur Wyplay.,3,3,15,18,3
5eece14efc13ae6609000075,218,True,True,travel,Je viens de découvrir quelques astuces vraiment utiles pour tirer le meilleur parti de notre nouveau décodeur Wyplay.,7,5,5,8,5
5eece14efc13ae6609000075,219,False,True,food,Je viens de découvrir quelques astuces vraiment utiles pour tirer le meilleur parti de notre nouveau décodeur Wyplay.,3,3,6,15,6
5eece14efc13ae6609000075,220,False,True,travel,Je viens de découvrir quelques astuces vraiment utiles pour tirer le meilleur parti de notre nouveau décodeur Wyplay.,6,0,1,20,6
5eece14efc13ae6609000078,221,True,False,food,Je viens de découvrir quelques astuces vraiment utiles pour tirer le meilleur parti de notre nouveau décodeur Wyplay.,8,8,2,20,9
5eece14efc13ae6609000078,222,False,True,food,Je viens de découvrir quelques astuces vraiment utiles pour tirer le meilleur parti de notre nouveau décodeur Wyplay.,8,8,20,17,10
5eece14efc13ae6609000078,223,False,True,food,Je viens de découvrir quelques astuces vraiment utiles pour tirer le meilleur parti de notre nouveau décodeur Wyplay.,7,7,11,6,8
5eece14ffc13ae660900007b,224,False,False,travel,Je viens de découvrir quelques astuces vraiment utiles pour tirer le meilleur parti de notre nouveau décodeur Wyplay.,3,1,14,8,2
5eece14ffc13ae660900007b,225,True,True,tech,Je viens de découvrir quelques astuces vraiment utiles pour tirer le meilleur parti de notre nouveau décodeur Wyplay.,10,0,6,8,2
5eece14ffc13ae660900007b,226,False,True,food,Je viens de découvrir quelques astuces vraiment utiles pour tirer le meilleur parti de notre nouveau décodeur Wyplay.,0,8,9,13,6
5eece14ffc13ae660900007e,227,False,True,travel,Je viens de découvrir quelques astuces vraiment utiles pour tirer le meilleur parti de notre nouveau décodeur Wyplay.,5,1,15,0,9
5eece14ffc13ae660900007e,228,False,True,lifestyle,Je viens de découvrir quelques astuces vraiment utiles pour tirer le meilleur parti de notre nouveau décodeur Wyplay.,8,7,18,0,2
5eece14ffc13ae660900007e,229,True,False,lifestyle,Je viens de découvrir quelques astuces vraiment utiles pour tirer le meilleur parti de notre nouveau décodeur Wyplay.,10,2,9,13,6
5eece14ffc13ae6609000081,230,False,False,food,Je viens de découvrir quelques astuces vraiment utiles pour tirer le meilleur parti de notre nouveau décodeur Wyplay.,2,3,19,19,5
5eece14ffc13ae6609000081,231,False,True,lifestyle,Je viens de découvrir quelques astuces vraiment utiles pour tirer le meilleur parti de notre nouveau décodeur Wyplay.,5,7,10,18,3
5eece14ffc13ae6609000081,232,False,False,travel,Je viens de découvrir quelques astuces vraiment utiles pour tirer le meilleur parti de notre nouveau décodeur Wyplay.,1,9,15,10,7
5eece14ffc13ae6609000084,233,True,True,travel,Je viens de découvrir quelques astuces vraiment utiles pour tirer le meilleur parti de notre nouveau décodeur Wyplay.,1,0,14,2,6
5eece14ffc13ae6609000084,234,False,False,tech,Je viens de découvrir quelques astuces vraiment utiles pour tirer le meilleur parti de notre nouveau décodeur Wyplay.,0,1,17,7,5
5eece14ffc13ae6609000084,235,False,True,tech,Je viens de découvrir quelques astuces vraiment utiles pour tirer le meilleur parti de notre nouveau décodeur Wyplay.,5,2,3,1,10
5eece14ffc13ae6609000087,236,True,True,tech,Je viens de découvrir quelques astuces vraiment utiles pour tirer le meilleur parti de notre nouveau décodeur Wyplay.,4,5,9,12,10
5eece14ffc13ae6609000087,237,True,True,lifestyle,Je viens de découvrir quelques astuces vraiment utiles pour tirer le meilleur parti de notre nouveau décodeur Wyplay.,6,7,16,0,10
5eece14ffc13ae6609000087,238,True,True,lifestyle,Je viens de découvrir quelques astuces vraiment utiles pour tirer le meilleur parti de notre nouveau décodeur Wyplay.,7,6,15,7,5
5eece14ffc13ae660900008a,239,False,True,tech,Je viens de découvrir quelques astuces vraiment utiles pour tirer le meilleur parti de notre nouveau décodeur Wyplay.,7,7,16,0,9
5eece14ffc13ae660900008a,240,False,False,tech,Je viens de découvrir quelques astuces vraiment utiles pour tirer le meilleur parti de notre nouveau décodeur Wyplay.,1,7,15,8,2
5eece14ffc13ae660900008a,241,False,False,lifestyle,Je viens de découvrir quelques astuces vraiment utiles pour tirer le meilleur parti de notre nouveau décodeur Wyplay.,10,4,1,10,10
5eece14ffc13ae660900008d,242,False,True,travel,Je viens de découvrir quelques astuces vraiment utiles pour tirer le meilleur parti de notre nouveau décodeur Wyplay.,6,8,9,17,0
5eece14ffc13ae660900008d,243,True,True,lifestyle,Je viens de découvrir quelques astuces vraiment utiles pour tirer le meilleur parti de notre nouveau décodeur Wyplay.,8,7,8,13,6
5eece14ffc13ae660900008d,244,False,False,tech,Je viens de découvrir quelques astuces vraiment utiles pour tirer le meilleur parti de notre nouveau décodeur Wyplay.,10,4,0,17,0
5eece14ffc13ae6609000090,245,True,False,lifestyle,Je viens de découvrir quelques astuces vraiment utiles pour tirer le meilleur parti de notre nouveau décodeur Wyplay.,3,6,17,6,1
5eece14ffc13ae6609000090,246,True,True,lifestyle,Je viens de découvrir quelques astuces vraiment utiles pour tirer le meilleur parti de notre nouveau décodeur Wyplay.,2,5,20,16,6
5eece14ffc13ae6609000090,247,False,False,lifestyle,Je viens de découvrir quelques astuces vraiment utiles pour tirer le meilleur parti de notre nouveau décodeur Wyplay.,8,6,12,8,7
5eece14ffc13ae6609000093,248,True,False,travel,Je viens de découvrir quelques astuces vraiment utiles pour tirer le meilleur parti de notre nouveau décodeur Wyplay.,5,2,0,6,2
5eece14ffc13ae6609000093,249,True,False,lifestyle,Je viens de découvrir quelques astuces vraiment utiles pour tirer le meilleur parti de notre nouveau décodeur Wyplay.,3,3,16,19,10
5eece14ffc13ae6609000093,250,False,True,tech,Je viens de découvrir quelques astuces vraiment utiles pour tirer le meilleur parti de notre nouveau décodeur Wyplay.,10,0,16,19,9
5eece14ffc13ae6609000096,251,False,False,tech,Je viens de découvrir quelques astuces vraiment utiles pour tirer le meilleur parti de notre nouveau décodeur Wyplay.,6,3,3,14,6
5eece14ffc13ae6609000096,252,True,True,lifestyle,Je viens de découvrir quelques astuces vraiment utiles pour tirer le meilleur parti de notre nouveau décodeur Wyplay.,7,7,10,19,8
5eece14ffc13ae6609000096,253,False,False,tech,Je viens de découvrir quelques astuces vraiment utiles pour tirer le meilleur parti de notre nouveau décodeur Wyplay.,4,1,15,3,7
5eece14ffc13ae6609000099,254,True,True,tech,Je viens de découvrir quelques astuces vraiment utiles pour tirer le meilleur parti de notre nouveau décodeur Wyplay.,7,7,3,9,3
5eece14ffc13ae6609000099,255,True,False,tech,Je viens de découvrir quelques astuces vraiment utiles pour tirer le meilleur parti de notre nouveau décodeur Wyplay.,6,8,1,6,1
5eece14ffc13ae6609000099,256,True,False,tech,Je viens de découvrir quelques astuces vraiment utiles pour tirer le meilleur parti de notre nouveau décodeur Wyplay.,7,0,17,2,6
5eece14ffc13ae660900009c,257,True,False,food,Je viens de découvrir quelques astuces vraiment utiles pour tirer le meilleur parti de notre nouveau décodeur Wyplay.,3,10,8,2,9
5eece14ffc13ae660900009c,258,True,False,food,Je viens de découvrir quelques astuces vraiment utiles pour tirer le meilleur parti de notre nouveau décodeur Wyplay.,7,5,15,4,6
5eece14ffc13ae660900009c,259,True,True,lifestyle,Je viens de découvrir quelques astuces vraiment utiles pour tirer le meilleur parti de notre nouveau décodeur Wyplay.,9,2,9,4,1
5eece14ffc13ae660900009f,260,False,True,lifestyle,Je viens de découvrir quelques astuces vraiment utiles pour tirer le meilleur parti de notre nouveau décodeur Wyplay.,3,1,10,7,6
5eece14ffc13ae660900009f,261,True,False,lifestyle,Je viens de découvrir quelques astuces vraiment utiles pour tirer le meilleur parti de notre nouveau décodeur Wyplay.,3,8,19,14,3
5eece14ffc13ae660900009f,262,True,True,travel,Je viens de découvrir quelques astuces vraiment utiles pour tirer le meilleur parti de notre nouveau décodeur Wyplay.,6,4,13,13,0
5eece14ffc13ae66090000a2,263,False,False,tech,Je viens de découvrir quelques astuces vraiment utiles pour tirer le meilleur parti de notre nouveau décodeur Wyplay.,5,9,8,4,0
5eece14ffc13ae66090000a2,264,False,False,tech,Je viens de découvrir quelques astuces vraiment utiles pour tirer le meilleur parti de notre nouveau décodeur Wyplay.,7,9,6,9,0
5eece14ffc13ae66090000a2,265,False,True,lifestyle,Je viens de découvrir quelques astuces vraiment utiles pour tirer le meilleur parti de notre nouveau décodeur Wyplay.,4,0,4,13,5
5eece14ffc13ae66090000a5,266,False,True,food,Je viens de découvrir quelques astuces vraiment utiles pour tirer le meilleur parti de notre nouveau décodeur Wyplay.,3,0,20,19,1
5eece14ffc13ae66090000a5,267,False,False,tech,Je viens de découvrir quelques astuces vraiment utiles pour tirer le meilleur parti de notre nouveau décodeur Wyplay.,2,7,18,10,4
5eece14ffc13ae66090000a5,268,False,False,lifestyle,Je viens de découvrir quelques astuces vraiment utiles pour tirer le meilleur parti de notre nouveau décodeur Wyplay.,3,1,16,8,7
5eece14ffc13ae66090000a8,269,False,False,tech,Je viens de découvrir quelques astuces vraiment utiles pour tirer le meilleur parti de notre nouveau décodeur Wyplay.,7,10,9,15,7
5eece14ffc13ae66090000a8,270,False,False,travel,Je viens de découvrir quelques astuces vraiment utiles pour tirer le meilleur parti de notre nouveau décodeur Wyplay.,0,0,12,11,10
5eece14ffc13ae66090000a8,271,False,False,lifestyle,Je viens de découvrir quelques astuces vraiment utiles pour tirer le meilleur parti de notre nouveau décodeur Wyplay.,10,8,11,13,8
5eece14ffc13ae66090000ab,272,True,False,food,Je viens de découvrir quelques astuces vraiment utiles pour tirer le meilleur parti de notre nouveau décodeur Wyplay.,7,2,15,2,3
5eece14ffc13ae66090000ab,273,False,False,lifestyle,Je viens de découvrir quelques astuces vraiment utiles pour tirer le meilleur parti de notre nouveau décodeur Wyplay.,1,3,5,2,8
5eece14ffc13ae66090000ab,274,True,True,lifestyle,Je viens de découvrir quelques astuces vraiment utiles pour tirer le meilleur parti de notre nouveau décodeur Wyplay.,9,2,18,16,7
5eece14ffc13ae66090000ae,275,True,True,tech,Je viens de découvrir quelques astuces vraiment utiles pour tirer le meilleur parti de notre nouveau décodeur Wyplay.,9,4,12,18,10
5eece14ffc13ae66090000ae,276,False,True,food,Je viens de découvrir quelques astuces vraiment utiles pour tirer le meilleur parti de notre nouveau décodeur Wyplay.,0,2,0,16,5
5eece14ffc13ae66090000ae,277,True,False,tech,Je viens de découvrir quelques astuces vraiment utiles pour tirer le meilleur parti de notre nouveau décodeur Wyplay.,2,5,13,20,0
5eece14ffc13ae66090000b1,278,False,False,food,Je viens de découvrir quelques astuces vraiment utiles pour tirer le meilleur parti de notre nouveau décodeur Wyplay.,3,6,16,18,4
5eece14ffc13ae66090000b1,279,False,True,lifestyle,Je viens de découvrir quelques astuces vraiment utiles pour tirer le meilleur parti de notre nouveau décodeur Wyplay.,10,5,7,16,2
5eece14ffc13ae66090000b1,280,True,False,tech,Je viens de découvrir quelques astuces vraiment utiles pour tirer le meilleur parti de notre nouveau décodeur Wyplay.,9,9,2,8,9
5eece14ffc13ae66090000b4,281,False,True,lifestyle,Je viens de découvrir quelques astuces vraiment utiles pour tirer le meilleur parti de notre nouveau décodeur Wyplay.,7,5,6,18,3
5eece14ffc13ae66090000b4,282,False,True,food,Je viens de découvrir quelques astuces vraiment utiles pour tirer le meilleur parti de notre nouveau décodeur Wyplay.,2,6,19,10,9
5eece14ffc13ae66090000b4,283,True,True,tech,Je viens de découvrir quelques astuces vraiment utiles pour tirer le meilleur parti de notre nouveau décodeur Wyplay.,1,9,10,7,5
5eece14ffc13ae66090000b7,284,False,False,travel,Je viens de découvrir quelques astuces vraiment utiles pour tirer le meilleur parti de notre nouveau décodeur Wyplay.,4,2,17,16,10
5eece14ffc13ae66090000b7,285,True,False,travel,Je viens de découvrir quelques astuces vraiment utiles pour tirer le meilleur parti de notre nouveau décodeur Wyplay.,1,9,14,14,7
5eece14ffc13ae66090000b7,286,False,True,food,Je viens de découvrir quelques astuces vraiment utiles pour tirer le meilleur parti de notre nouveau décodeur Wyplay.,5,2,11,1,2
5eece14ffc13ae66090000ba,287,False,True,travel,Je viens de découvrir quelques astuces vraiment utiles pour tirer le meilleur parti de notre nouveau décodeur Wyplay.,1,8,2,20,1
5eece14ffc13ae66090000ba,288,True,False,food,Je viens de découvrir quelques astuces vraiment utiles pour tirer le meilleur parti de notre nouveau décodeur Wyplay.,4,8,18,0,6
5eece14ffc13ae66090000ba,289,False,False,travel,Je viens de découvrir quelques astuces vraiment utiles pour tirer le meilleur parti de notre nouveau décodeur Wyplay.,1,9,5,19,2
5eece14ffc13ae66090000bd,290,True,False,food,Je viens de découvrir quelques astuces vraiment utiles pour tirer le meilleur parti de notre nouveau décodeur Wyplay.,5,2,10,14,0
5eece14ffc13ae66090000bd,291,False,False,tech,Je viens de découvrir quelques astuces vraiment utiles pour tirer le meilleur parti de notre nouveau décodeur Wyplay.,6,5,0,7,7
5eece14ffc13ae66090000bd,292,True,True,food,Je viens de découvrir quelques astuces vraiment utiles pour tirer le meilleur parti de notre nouveau décodeur Wyplay.,6,9,17,3,5
5eece14ffc13ae66090000c0,293,False,False,tech,Je viens de découvrir quelques astuces vraiment utiles pour tirer le meilleur parti de notre nouveau décodeur Wyplay.,8,1,11,4,7
5eece14ffc13ae66090000c0,294,True,True,travel,Je viens de découvrir quelques astuces vraiment utiles pour tirer le meilleur parti de notre nouveau décodeur Wyplay.,10,4,7,17,6
5eece14ffc13ae66090000c0,295,True,True,travel,Je viens de découvrir quelques astuces vraiment utiles pour tirer le meilleur parti de notre nouveau décodeur Wyplay.,10,4,0,4,7
5eece14ffc13ae66090000c3,296,True,True,lifestyle,Je viens de découvrir quelques astuces vraiment utiles pour tirer le meilleur parti de notre nouveau décodeur Wyplay.,0,0,18,20,0
5eece14ffc13ae66090000c3,297,False,True,travel,Je viens de découvrir quelques astuces vraiment utiles pour tirer le meilleur parti de notre nouveau décodeur Wyplay.,7,8,19,9,2
5eece14ffc13ae66090000c3,298,True,True,tech,Je viens de découvrir quelques astuces vraiment utiles pour tirer le meilleur parti de notre nouveau décodeur Wyplay.,0,8,19,4,6
5eece14ffc13ae66090000c6,299,True,False,food,Je viens de découvrir quelques astuces vraiment utiles pour tirer le meilleur parti de notre nouveau décodeur Wyplay.,7,8,3,10,4
5eece14ffc13ae66090000c6,300,False,True,tech,Je viens de découvrir quelques astuces vraiment utiles pour tirer le meilleur parti de notre nouveau décodeur Wyplay.,6,9,9,3,4
5eece14ffc13ae66090000c6,301,False,True,lifestyle,Je viens de découvrir quelques astuces vraiment utiles pour tirer le meilleur parti de notre nouveau décodeur Wyplay.,1,8,17,11,9
5eece14ffc13ae66090000c9,302,True,False,tech,Je viens de découvrir quelques astuces vraiment utiles pour tirer le meilleur parti de notre nouveau décodeur Wyplay.,1,9,19,9,0
5eece14ffc13ae66090000c9,303,True,False,lifestyle,Je viens de découvrir quelques astuces vraiment utiles pour tirer le meilleur parti de notre nouveau décodeur Wyplay.,7,10,10,2,8
5eece14ffc13ae66090000c9,304,True,True,lifestyle,Je viens de découvrir quelques astuces vraiment utiles pour tirer le meilleur parti de notre nouveau décodeur Wyplay.,9,6,10,6,9
5eece14ffc13ae66090000cc,305,True,False,food,Je viens de découvrir quelques astuces vraiment utiles pour tirer le meilleur parti de notre nouveau décodeur Wyplay.,1,6,0,1,10
5eece14ffc13ae66090000cc,306,False,True,tech,Je viens de découvrir quelques astuces vraiment utiles pour tirer le meilleur parti de notre nouveau décodeur Wyplay.,1,4,4,12,9
5eece14ffc13ae66090000cc,307,True,True,tech,Je viens de découvrir quelques astuces vraiment utiles pour tirer le meilleur parti de notre nouveau décodeur Wyplay.,4,8,18,18,2
5eece14ffc13ae66090000cf,308,True,False,food,Je viens de découvrir quelques astuces vraiment utiles pour tirer le meilleur parti de notre nouveau décodeur Wyplay.,3,9,7,12,0
5eece14ffc13ae66090000cf,309,False,True,food,Je viens de découvrir quelques astuces vraiment utiles pour tirer le meilleur parti de notre nouveau décodeur Wyplay.,3,8,7,16,4
5eece14ffc13ae66090000cf,310,False,True,food,Je viens de découvrir quelques astuces vraiment utiles pour tirer le meilleur parti de notre nouveau décodeur Wyplay.,0,8,2,19,8
5eece14ffc13ae66090000d2,311,True,False,travel,Je viens de découvrir quelques astuces vraiment utiles pour tirer le meilleur parti de notre nouveau décodeur Wyplay.,9,10,6,3,4
5eece14ffc13ae66090000d2,312,False,False,tech,Je viens de découvrir quelques astuces vraiment utiles pour tirer le meilleur parti de notre nouveau décodeur Wyplay.,10,2,3,14,7
5eece14ffc13ae66090000d2,313,False,False,travel,Je viens de découvrir quelques astuces vraiment utiles pour tirer le meilleur parti de notre nouveau décodeur Wyplay.,7,4,0,11,8
5eece14ffc13ae66090000d5,314,True,False,food,Je viens de découvrir quelques astuces vraiment utiles pour tirer le meilleur parti de notre nouveau décodeur Wyplay.,8,4,4,16,6
5eece14ffc13ae66090000d5,315,False,True,food,Je viens de découvrir quelques astuces vraiment utiles pour tirer le meilleur parti de notre nouveau décodeur Wyplay.,6,6,10,12,5
5eece14ffc13ae66090000d5,316,True,True,lifestyle,Je viens de découvrir quelques astuces vraiment utiles pour tirer le meilleur parti de notre nouveau décodeur Wyplay.,6,6,14,16,6
5eece14ffc13ae66090000d8,317,True,True,lifestyle,Je viens de découvrir quelques astuces vraiment utiles pour tirer le meilleur parti de notre nouveau décodeur Wyplay.,1,1,7,7,8
5eece14ffc13ae66090000d8,318,False,True,travel,Je viens de découvrir quelques astuces vraiment utiles pour tirer le meilleur parti de notre nouveau décodeur Wyplay.,4,6,5,14,8
5eece14ffc13ae66090000d8,319,True,True,tech,Je viens de découvrir quelques astuces vraiment utiles pour tirer le meilleur parti de notre nouveau décodeur Wyplay.,5,10,8,15,7
5eece14ffc13ae66090000db,320,False,False,travel,Je viens de découvrir quelques astuces vraiment utiles pour tirer le meilleur parti de notre nouveau décodeur Wyplay.,9,1,7,3,9
5eece14ffc13ae66090000db,321,False,False,lifestyle,Je viens de découvrir quelques astuces vraiment utiles pour tirer le meilleur parti de notre nouveau décodeur Wyplay.,6,3,3,16,7
5eece14ffc13ae66090000db,322,True,True,lifestyle,Je viens de découvrir quelques astuces vraiment utiles pour tirer le meilleur parti de notre nouveau décodeur Wyplay.,5,8,0,15,1
5eece14ffc13ae66090000de,323,False,False,lifestyle,Je viens de découvrir quelques astuces vraiment utiles pour tirer le meilleur parti de notre nouveau décodeur Wyplay.,3,8,6,20,3
5eece14ffc13ae66090000de,324,False,True,travel,Je viens de découvrir quelques astuces vraiment utiles pour tirer le meilleur parti de notre nouveau décodeur Wyplay.,1,3,4,1,7
5eece14ffc13ae66090000de,325,False,False,tech,Je viens de découvrir quelques astuces vraiment utiles pour tirer le meilleur parti de notre nouveau décodeur Wyplay.,7,6,6,19,9
5eece14ffc13ae66090000e1,326,True,False,tech,Je viens de découvrir quelques astuces vraiment utiles pour tirer le meilleur parti de notre nouveau décodeur Wyplay.,6,9,5,16,6
5eece14ffc13ae66090000e1,327,False,True,lifestyle,Je viens de découvrir quelques astuces vraiment utiles pour tirer le meilleur parti de notre nouveau décodeur Wyplay.,4,8,2,13,3
5eece14ffc13ae66090000e1,328,False,False,lifestyle,Je viens de découvrir quelques astuces vraiment utiles pour tirer le meilleur parti de notre nouveau décodeur Wyplay.,2,8,7,13,3
5eece14ffc13ae66090000e4,329,True,False,lifestyle,Je viens de découvrir quelques astuces vraiment utiles pour tirer le meilleur parti de notre nouveau décodeur Wyplay.,2,2,5,1,10
5eece14ffc13ae66090000e4,330,True,True,lifestyle,Je viens de découvrir quelques astuces vraiment utiles pour tirer le meilleur parti de notre nouveau décodeur Wyplay.,10,3,3,1,7
5eece14ffc13ae66090000e4,331,True,False,tech,Je viens de découvrir quelques astuces vraiment utiles pour tirer le meilleur parti de notre nouveau décodeur Wyplay.,9,0,13,6,1
5eece14ffc13ae66090000e7,332,True,True,tech,Je viens de découvrir quelques astuces vraiment utiles pour tirer le meilleur parti de notre nouveau décodeur Wyplay.,10,10,0,0,5
5eece14ffc13ae66090000e7,333,True,False,travel,Je viens de découvrir quelques astuces vraiment utiles pour tirer le meilleur parti de notre nouveau décodeur Wyplay.,3,9,6,2,7
5eece14ffc13ae66090000e7,334,False,False,travel,Je viens de découvrir quelques astuces vraiment utiles pour tirer le meilleur parti de notre nouveau décodeur Wyplay.,10,5,15,0,0
5eece14ffc13ae66090000ea,335,False,False,food,Je viens de découvrir quelques astuces vraiment utiles pour tirer le meilleur parti de notre nouveau décodeur Wyplay.,5,2,2,3,10
5eece14ffc13ae66090000ea,336,False,False,tech,Je viens de découvrir quelques astuces vraiment utiles pour tirer le meilleur parti de notre nouveau décodeur Wyplay.,7,5,6,18,2
5eece14ffc13ae66090000ea,337,False,False,food,Je viens de découvrir quelques astuces vraiment utiles pour tirer le meilleur parti de notre nouveau décodeur Wyplay.,9,0,3,10,5
5eece14ffc13ae66090000ed,338,True,False,food,Je viens de découvrir quelques astuces vraiment utiles pour tirer le meilleur parti de notre nouveau décodeur Wyplay.,0,6,8,8,4
5eece14ffc13ae66090000ed,339,False,True,lifestyle,Je viens de découvrir quelques astuces vraiment utiles pour tirer le meilleur parti de notre nouveau décodeur Wyplay.,3,4,0,2,6
5eece14ffc13ae66090000ed,340,True,False,food,Je viens de découvrir quelques astuces vraiment utiles pour tirer le meilleur parti de notre nouveau décodeur Wyplay.,4,4,9,1,3
5eece14ffc13ae66090000f0,341,False,True,lifestyle,Je viens de découvrir quelques astuces vraiment utiles pour tirer le meilleur parti de notre nouveau décodeur Wyplay.,10,4,14,16,0
5eece14ffc13ae66090000f0,342,False,True,food,Je viens de découvrir quelques astuces vraiment utiles pour tirer le meilleur parti de notre nouveau décodeur Wyplay.,3,0,16,16,4
5eece14ffc13ae66090000f0,343,False,False,food,Je viens de découvrir quelques astuces vraiment utiles pour tirer le meilleur parti de notre nouveau décodeur Wyplay.,7,1,14,9,5
5eece14ffc13ae66090000f3,344,False,True,food,Je viens de découvrir quelques astuces vraiment utiles pour tirer le meilleur parti de notre nouveau décodeur Wyplay.,9,2,18,9,0
5eece14ffc13ae66090000f3,345,True,False,travel,Je viens de découvrir quelques astuces vraiment utiles pour tirer le meilleur parti de notre nouveau décodeur Wyplay.,7,3,8,15,7
5eece14ffc13ae66090000f3,346,False,False,food,Je viens de découvrir quelques astuces vraiment utiles pour tirer le meilleur parti de notre nouveau décodeur Wyplay.,0,3,11,5,4
5eece14ffc13ae66090000f6,347,False,False,travel,Je viens de découvrir quelques astuces vraiment utiles pour tirer le meilleur parti de notre nouveau décodeur Wyplay.,0,8,9,18,0
5eece14ffc13ae66090000f6,348,False,False,travel,Je viens de découvrir quelques astuces vraiment utiles pour tirer le meilleur parti de notre nouveau décodeur Wyplay.,0,5,15,19,6
5eece14ffc13ae66090000f6,349,False,True,lifestyle,Je viens de découvrir quelques astuces vraiment utiles pour tirer le meilleur parti de notre nouveau décodeur Wyplay.,10,4,3,19,5
5eece14ffc13ae66090000f9,350,True,False,food,Je viens de découvrir quelques astuces vraiment utiles pour tirer le meilleur parti de notre nouveau décodeur Wyplay.,9,3,18,8,4
5eece14ffc13ae66090000f9,351,True,False,travel,Je viens de découvrir quelques astuces vraiment utiles pour tirer le meilleur parti de notre nouveau décodeur Wyplay.,2,0,14,10,4
5eece14ffc13ae66090000f9,352,True,False,food,Je viens de découvrir quelques astuces vraiment utiles pour tirer le meilleur parti de notre nouveau décodeur Wyplay.,6,2,20,16,8
5eece14ffc13ae66090000fc,353,False,True,tech,Je viens de découvrir quelques astuces vraiment utiles pour tirer le meilleur parti de notre nouveau décodeur Wyplay.,9,8,7,3,2
5eece14ffc13ae66090000fc,354,False,True,tech,Je viens de découvrir quelques astuces vraiment utiles pour tirer le meilleur parti de notre nouveau décodeur Wyplay.,9,9,5,2,2
5eece14ffc13ae66090000fc,355,False,True,travel,Je viens de découvrir quelques astuces vraiment utiles pour tirer le meilleur parti de notre nouveau décodeur Wyplay.,1,7,15,12,7
5eece14ffc13ae66090000ff,356,True,True,travel,Je viens de découvrir quelques astuces vraiment utiles pour tirer le meilleur parti de notre nouveau décodeur Wyplay.,1,0,20,7,5
5eece14ffc13ae66090000ff,357,True,False,food,Je viens de découvrir quelques astuces vraiment utiles pour tirer le meilleur parti de notre nouveau décodeur Wyplay.,0,7,1,12,2
5eece14ffc13ae66090000ff,358,False,True,lifestyle,Je viens de découvrir quelques astuces vraiment utiles pour tirer le meilleur parti de notre nouveau décodeur Wyplay.,9,1,2,10,4
5eece14ffc13ae6609000102,359,False,True,travel,Je viens de découvrir quelques astuces vraiment utiles pour tirer le meilleur parti de notre nouveau décodeur Wyplay.,2,0,4,18,4
5eece14ffc13ae6609000102,360,False,False,travel,Je viens de découvrir quelques astuces vraiment utiles pour tirer le meilleur parti de notre nouveau décodeur Wyplay.,5,3,14,9,4
5eece14ffc13ae6609000102,361,False,True,food,Je viens de découvrir quelques astuces vraiment utiles pour tirer le meilleur parti de notre nouveau décodeur Wyplay.,8,6,18,10,9
5eece14ffc13ae6609000105,362,True,True,travel,Je viens de découvrir quelques astuces vraiment utiles pour tirer le meilleur parti de notre nouveau décodeur Wyplay.,10,3,20,10,0
5eece14ffc13ae6609000105,363,True,True,tech,Je viens de découvrir quelques astuces vraiment utiles pour tirer le meilleur parti de notre nouveau décodeur Wyplay.,5,2,7,16,0
5eece14ffc13ae6609000105,364,True,True,travel,Je viens de découvrir quelques astuces vraiment utiles pour tirer le meilleur parti de notre nouveau décodeur Wyplay.,9,3,11,12,9
5eece14ffc13ae6609000108,365,True,False,lifestyle,Je viens de découvrir quelques astuces vraiment utiles pour tirer le meilleur parti de notre nouveau décodeur Wyplay.,4,0,14,17,1
5eece14ffc13ae6609000108,366,True,True,food,Je viens de découvrir quelques astuces vraiment utiles pour tirer le meilleur parti de notre nouveau décodeur Wyplay.,2,6,2,10,1
5eece14ffc13ae6609000108,367,False,False,travel,Je viens de découvrir quelques astuces vraiment utiles pour tirer le meilleur parti de notre nouveau décodeur Wyplay.,5,6,16,17,2
5eece14ffc13ae660900010b,368,False,False,tech,Je viens de découvrir quelques astuces vraiment utiles pour tirer le meilleur parti de notre nouveau décodeur Wyplay.,4,4,6,1,9
5eece14ffc13ae660900010b,369,True,True,tech,Je viens de découvrir quelques astuces vraiment utiles pour tirer le meilleur parti de notre nouveau décodeur Wyplay.,2,3,15,0,2
5eece14ffc13ae660900010b,370,False,True,travel,Je viens de découvrir quelques astuces vraiment utiles pour tirer le meilleur parti de notre nouveau décodeur Wyplay.,5,4,13,11,3
5eece14ffc13ae660900010e,371,False,True,food,Je viens de découvrir quelques astuces vraiment utiles pour tirer le meilleur parti de notre nouveau décodeur Wyplay.,8,9,10,5,10
5eece14ffc13ae660900010e,372,False,True,food,Je viens de découvrir quelques astuces vraiment utiles pour tirer le meilleur parti de notre nouveau décodeur Wyplay.,10,10,7,11,6
5eece14ffc13ae660900010e,373,False,False,food,Je viens de découvrir quelques astuces vraiment utiles pour tirer le meilleur parti de notre nouveau décodeur Wyplay.,3,8,13,16,1
5eece14ffc13ae6609000111,374,False,False,tech,Je viens de découvrir quelques astuces vraiment utiles pour tirer le meilleur parti de notre nouveau décodeur Wyplay.,3,0,0,18,3
5eece14ffc13ae6609000111,375,True,False,travel,Je viens de découvrir quelques astuces vraiment utiles pour tirer le meilleur parti de notre nouveau décodeur Wyplay.,0,6,15,13,8
5eece14ffc13ae6609000111,376,False,False,travel,Je viens de découvrir quelques astuces vraiment utiles pour tirer le meilleur parti de notre nouveau décodeur Wyplay.,6,8,1,12,6
5eece14ffc13ae6609000114,377,True,False,food,Je viens de découvrir quelques astuces vraiment utiles pour tirer le meilleur parti de notre nouveau décodeur Wyplay.,0,6,8,20,2
5eece14ffc13ae6609000114,378,True,False,travel,Je viens de découvrir quelques astuces vraiment utiles pour tirer le meilleur parti de notre nouveau décodeur Wyplay.,6,8,9,16,5
5eece14ffc13ae6609000114,379,True,False,food,Je viens de découvrir quelques astuces vraiment utiles pour tirer le meilleur parti de notre nouveau décodeur Wyplay.,5,7,18,17,1
5eece14ffc13ae6609000117,380,False,True,travel,Je viens de découvrir quelques astuces vraiment utiles pour tirer le meilleur parti de notre nouveau décodeur Wyplay.,9,4,8,6,3
5eece14ffc13ae6609000117,381,False,False,travel,Je viens de découvrir quelques astuces vraiment utiles pour tirer le meilleur parti de notre nouveau décodeur Wyplay.,2,5,13,2,3
5eece14ffc13ae6609000117,382,True,False,lifestyle,Je viens de découvrir quelques astuces vraiment utiles pour tirer le meilleur parti de notre nouveau décodeur Wyplay.,9,7,4,16,3
5eece14ffc13ae660900011a,383,True,False,lifestyle,Je viens de découvrir quelques astuces vraiment utiles pour tirer le meilleur parti de notre nouveau décodeur Wyplay.,3,7,17,18,10
5eece14ffc13ae660900011a,384,True,False,food,Je viens de découvrir quelques astuces vraiment utiles pour tirer le meilleur parti de notre nouveau décodeur Wyplay.,7,0,20,4,8
5eece14ffc13ae660900011a,385,True,False,food,Je viens de découvrir quelques astuces vraiment utiles pour tirer le meilleur parti de notre nouveau décodeur Wyplay.,0,5,11,19,4
5eece14ffc13ae660900011d,386,True,False,travel,Je viens de découvrir quelques astuces vraiment utiles pour tirer le meilleur parti de notre nouveau décodeur Wyplay.,1,10,0,19,5
5eece14ffc13ae660900011d,387,True,True,food,Je viens de découvrir quelques astuces vraiment utiles pour tirer le meilleur parti de notre nouveau décodeur Wyplay.,5,6,16,18,0
5eece14ffc13ae660900011d,388,False,True,tech,Je viens de découvrir quelques astuces vraiment utiles pour tirer le meilleur parti de notre nouveau décodeur Wyplay.,5,3,9,5,4
5eece14ffc13ae6609000120,389,False,True,lifestyle,Je viens de découvrir quelques astuces vraiment utiles pour tirer le meilleur parti de notre nouveau décodeur Wyplay.,2,6,15,5,1
5eece14ffc13ae6609000120,390,False,True,tech,Je viens de découvrir quelques astuces vraiment utiles pour tirer le meilleur parti de notre nouveau décodeur Wyplay.,5,10,4,5,3
5eece14ffc13ae6609000120,391,True,False,lifestyle,Je viens de découvrir quelques astuces vraiment utiles pour tirer le meilleur parti de notre nouveau décodeur Wyplay.,9,3,7,2,6
5eece14ffc13ae6609000123,392,False,False,food,Je viens de découvrir quelques astuces vraiment utiles pour tirer le meilleur parti de notre nouveau décodeur Wyplay.,3,1,1,7,8
5eece14ffc13ae6609000123,393,True,True,food,Je viens de découvrir quelques astuces vraiment utiles pour tirer le meilleur parti de notre nouveau décodeur Wyplay.,5,9,13,6,6
5eece14ffc13ae6609000123,394,False,True,food,Je viens de découvrir quelques astuces vraiment utiles pour tirer le meilleur parti de notre nouveau décodeur Wyplay.,9,0,12,18,7
5eece14ffc13ae6609000126,395,True,True,lifestyle,Je viens de découvrir quelques astuces vraiment utiles pour tirer le meilleur parti de notre nouveau décodeur Wyplay.,2,7,2,18,1
5eece14ffc13ae6609000126,396,True,False,tech,Je viens de découvrir quelques astuces vraiment utiles pour tirer le meilleur parti de notre nouveau décodeur Wyplay.,2,4,20,1,1
5eece14ffc13ae6609000126,397,True,False,lifestyle,Je viens de découvrir quelques astuces vraiment utiles pour tirer le meilleur parti de notre nouveau décodeur Wyplay.,7,7,17,2,1
5eece14ffc13ae6609000129,398,True,False,lifestyle,Je viens de découvrir quelques astuces vraiment utiles pour tirer le meilleur parti de notre nouveau décodeur Wyplay.,10,7,16,0,7
5eece14ffc13ae6609000129,399,False,True,lifestyle,Je viens de découvrir quelques astuces vraiment utiles pour tirer le meilleur parti de notre nouveau décodeur Wyplay.,6,3,1,5,8
5eece14ffc13ae6609000129,400,False,False,travel,Je viens de découvrir quelques astuces vraiment utiles pour tirer le meilleur parti de notre nouveau décodeur Wyplay.,1,6,4,11,3
5eece14ffc13ae660900012c,401,False,True,travel,Je viens de découvrir quelques astuces vraiment utiles pour tirer le meilleur parti de notre nouveau décodeur Wyplay.,6,9,15,8,10
5eece14ffc13ae660900012c,402,True,False,travel,Je viens de découvrir quelques astuces vraiment utiles pour tirer le meilleur parti de notre nouveau décodeur Wyplay.,3,7,6,3,4
5eece14ffc13ae660900012c,403,True,True,tech,Je viens de découvrir quelques astuces vraiment utiles pour tirer le meilleur parti de notre nouveau décodeur Wyplay.,2,3,10,6,3
5eece14ffc13ae660900012f,404,True,True,travel,Je viens de découvrir quelques astuces vraiment utiles pour tirer le meilleur parti de notre nouveau décodeur Wyplay.,7,6,11,3,3
5eece14ffc13ae660900012f,405,True,True,food,Je viens de découvrir quelques astuces vraiment utiles pour tirer le meilleur parti de notre nouveau décodeur Wyplay.,10,7,15,2,5
5eece14ffc13ae660900012f,406,False,False,tech,Je viens de découvrir quelques astuces vraiment utiles pour tirer le meilleur parti de notre nouveau décodeur Wyplay.,8,3,1,5,10
5eece14ffc13ae6609000132,407,False,False,tech,Je viens de découvrir quelques astuces vraiment utiles pour tirer le meilleur parti de notre nouveau décodeur Wyplay.,2,4,16,3,5
5eece14ffc13ae6609000132,408,True,False,tech,Je viens de découvrir quelques astuces vraiment utiles pour tirer le meilleur parti de notre nouveau décodeur Wyplay.,5,1,5,2,6
5eece14ffc13ae6609000132,409,False,False,lifestyle,Je viens de découvrir quelques astuces vraiment utiles pour tirer le meilleur parti de notre nouveau décodeur Wyplay.,8,6,1,15,5
5eece14ffc13ae6609000135,410,True,True,travel,Je viens de découvrir quelques astuces vraiment utiles pour tirer le meilleur parti de notre nouveau décodeur Wyplay.,3,0,19,5,3
5eece14ffc13ae6609000135,411,True,True,food,Je viens de découvrir quelques astuces vraiment utiles pour tirer le meilleur parti de notre nouveau décodeur Wyplay.,2,1,0,16,4
5eece14ffc13ae6609000135,412,True,True,food,Je viens de découvrir quelques astuces vraiment utiles pour tirer le meilleur parti de notre nouveau décodeur Wyplay.,7,0,17,9,4
5eece14ffc13ae6609000138,413,False,False,lifestyle,Je viens de découvrir quelques astuces vraiment utiles pour tirer le meilleur parti de notre nouveau décodeur Wyplay.,5,9,9,12,2
5eece14ffc13ae6609000138,414,False,False,tech,Je viens de découvrir quelques astuces vraiment utiles pour tirer le meilleur parti de notre nouveau décodeur Wyplay.,6,0,18,12,4
5eece14ffc13ae6609000138,415,True,False,tech,Je viens de découvrir quelques astuces vraiment utiles pour tirer le meilleur parti de notre nouveau décodeur Wyplay.,2,8,20,15,5
5eece14ffc13ae660900013b,416,False,True,tech,Je viens de découvrir quelques astuces vraiment utiles pour tirer le meilleur parti de notre nouveau décodeur Wyplay.,6,3,14,10,6
5eece14ffc13ae660900013b,417,False,False,food,Je viens de découvrir quelques astuces vraiment utiles pour tirer le meilleur parti de notre nouveau décodeur Wyplay.,6,5,9,20,1
5eece14ffc13ae660900013b,418,False,False,food,Je viens de découvrir quelques astuces vraiment utiles pour tirer le meilleur parti de notre nouveau décodeur Wyplay.,9,1,11,11,8
5eece14ffc13ae660900013e,419,True,True,food,Je viens de découvrir quelques astuces vraiment utiles pour tirer le meilleur parti de notre nouveau décodeur Wyplay.,7,5,16,8,7
5eece14ffc13ae660900013e,420,False,False,food,Je viens de découvrir quelques astuces vraiment utiles pour tirer le meilleur parti de notre nouveau décodeur Wyplay.,3,6,9,2,0
5eece14ffc13ae660900013e,421,True,True,lifestyle,Je viens de découvrir quelques astuces vraiment utiles pour tirer le meilleur parti de notre nouveau décodeur Wyplay.,10,6,13,3,7
5eece14ffc13ae6609000141,422,False,False,lifestyle,Je viens de découvrir quelques astuces vraiment utiles pour tirer le meilleur parti de notre nouveau décodeur Wyplay.,5,2,8,12,1
5eece14ffc13ae6609000141,423,False,False,travel,Je viens de découvrir quelques astuces vraiment utiles pour tirer le meilleur parti de notre nouveau décodeur Wyplay.,0,8,5,18,4
5eece14ffc13ae6609000141,424,True,False,lifestyle,Je viens de découvrir quelques astuces vraiment utiles pour tirer le meilleur parti de notre nouveau décodeur Wyplay.,0,7,10,5,0
5eece14ffc13ae6609000144,425,True,False,travel,Je viens de découvrir quelques astuces vraiment utiles pour tirer le meilleur parti de notre nouveau décodeur Wyplay.,2,0,19,10,10
5eece14ffc13ae6609000144,426,True,True,food,Je viens de découvrir quelques astuces vraiment utiles pour tirer le meilleur parti de notre nouveau décodeur Wyplay.,1,8,4,7,3
5eece14ffc13ae6609000144,427,False,True,tech,Je viens de découvrir quelques astuces vraiment utiles pour tirer le meilleur parti de notre nouveau décodeur Wyplay.,6,1,7,17,2
5eece14ffc13ae6609000147,428,False,False,lifestyle,Je viens de découvrir quelques astuces vraiment utiles pour tirer le meilleur parti de notre nouveau décodeur Wyplay.,0,2,10,1,9
5eece14ffc13ae6609000147,429,False,True,food,Je viens de découvrir quelques astuces vraiment utiles pour tirer le meilleur parti de notre nouveau décodeur Wyplay.,10,3,13,1,7
5eece14ffc13ae6609000147,430,False,False,lifestyle,Je viens de découvrir quelques astuces vraiment utiles pour tirer le meilleur parti de notre nouveau décodeur Wyplay.,9,4,13,4,8
5eece14ffc13ae660900014a,431,True,False,travel,Je viens de découvrir quelques astuces vraiment utiles pour tirer le meilleur parti de notre nouveau décodeur Wyplay.,7,0,9,1,4
5eece14ffc13ae660900014a,432,True,False,lifestyle,Je viens de découvrir quelques astuces vraiment utiles pour tirer le meilleur parti de notre nouveau décodeur Wyplay.,6,2,5,19,1
5eece14ffc13ae660900014a,433,False,False,food,Je viens de découvrir quelques astuces vraiment utiles pour tirer le meilleur parti de notre nouveau décodeur Wyplay.,1,3,15,18,8
5eece14ffc13ae660900014d,434,True,True,tech,Je viens de découvrir quelques astuces vraiment utiles pour tirer le meilleur parti de notre nouveau décodeur Wyplay.,8,8,5,0,6
5eece14ffc13ae660900014d,435,False,True,food,Je viens de découvrir quelques astuces vraiment utiles pour tirer le meilleur parti de notre nouveau décodeur Wyplay.,6,7,6,20,6
5eece14ffc13ae660900014d,436,True,False,travel,Je viens de découvrir quelques astuces vraiment utiles pour tirer le meilleur parti de notre nouveau décodeur Wyplay.,0,7,9,16,9
5eece14ffc13ae6609000150,437,False,True,travel,Je viens de découvrir quelques astuces vraiment utiles pour tirer le meilleur parti de notre nouveau décodeur Wyplay.,7,7,18,13,4
5eece14ffc13ae6609000150,438,False,True,tech,Je viens de découvrir quelques astuces vraiment utiles pour tirer le meilleur parti de notre nouveau décodeur Wyplay.,5,7,10,9,5
5eece14ffc13ae6609000150,439,True,True,lifestyle,Je viens de découvrir quelques astuces vraiment utiles pour tirer le meilleur parti de notre nouveau décodeur Wyplay.,3,0,10,7,7
5eece14ffc13ae6609000153,440,True,True,food,Je viens de découvrir quelques astuces vraiment utiles pour tirer le meilleur parti de notre nouveau décodeur Wyplay.,7,9,1,6,1
5eece14ffc13ae6609000153,441,True,True,lifestyle,Je viens de découvrir quelques astuces vraiment utiles pour tirer le meilleur parti de notre nouveau décodeur Wyplay.,7,2,8,11,3
5eece14ffc13ae6609000153,442,False,False,food,Je viens de découvrir quelques astuces vraiment utiles pour tirer le meilleur parti de notre nouveau décodeur Wyplay.,7,5,8,11,9
5eece14ffc13ae6609000156,443,True,False,travel,Je viens de découvrir quelques astuces vraiment utiles pour tirer le meilleur parti de notre nouveau décodeur Wyplay.,0,1,4,11,4
5eece14ffc13ae6609000156,444,True,False,travel,Je viens de découvrir quelques astuces vraiment utiles pour tirer le meilleur parti de notre nouveau décodeur Wyplay.,6,8,2,19,7
5eece14ffc13ae6609000156,445,True,False,food,Je viens de découvrir quelques astuces vraiment utiles pour tirer le meilleur parti de notre nouveau décodeur Wyplay.,7,6,6,5,3
5eece14ffc13ae6609000159,446,False,False,tech,Je viens de découvrir quelques astuces vraiment utiles pour tirer le meilleur parti de notre nouveau décodeur Wyplay.,0,4,12,18,6
5eece14ffc13ae6609000159,447,True,True,lifestyle,Je viens de découvrir quelques astuces vraiment utiles pour tirer le meilleur parti de notre nouveau décodeur Wyplay.,4,8,17,19,6
5eece14ffc13ae6609000159,448,True,True,food,Je viens de découvrir quelques astuces vraiment utiles pour tirer le meilleur parti de notre nouveau décodeur Wyplay.,3,0,19,15,8
5eece14ffc13ae660900015c,449,True,False,travel,Je viens de découvrir quelques astuces vraiment utiles pour tirer le meilleur parti de notre nouveau décodeur Wyplay.,10,3,0,7,10
5eece14ffc13ae660900015c,450,True,False,lifestyle,Je viens de découvrir quelques astuces vraiment utiles pour tirer le meilleur parti de notre nouveau décodeur Wyplay.,4,3,2,1,1
5eece14ffc13ae660900015c,451,True,False,food,Je viens de découvrir quelques astuces vraiment utiles pour tirer le meilleur parti de notre nouveau décodeur Wyplay.,9,8,13,5,3
5eece14ffc13ae660900015f,452,True,False,food,Je viens de découvrir quelques astuces vraiment utiles pour tirer le meilleur parti de notre nouveau décodeur Wyplay.,3,10,7,14,2
5eece14ffc13ae660900015f,453,True,False,travel,Je viens de découvrir quelques astuces vraiment utiles pour tirer le meilleur parti de notre nouveau décodeur Wyplay.,10,5,8,9,4
5eece14ffc13ae660900015f,454,True,False,lifestyle,Je viens de découvrir quelques astuces vraiment utiles pour tirer le meilleur parti de notre nouveau décodeur Wyplay.,10,10,3,5,7
5eece14ffc13ae6609000162,455,True,True,food,Je viens de découvrir quelques astuces vraiment utiles pour tirer le meilleur parti de notre nouveau décodeur Wyplay.,9,10,5,9,0
5eece14ffc13ae6609000162,456,True,True,lifestyle,Je viens de découvrir quelques astuces vraiment utiles pour tirer le meilleur parti de notre nouveau décodeur Wyplay.,0,1,0,2,1
5eece14ffc13ae6609000162,457,True,True,food,Je viens de découvrir quelques astuces vraiment utiles pour tirer le meilleur parti de notre nouveau décodeur Wyplay.,1,4,10,10,3
5eece14ffc13ae6609000165,458,True,True,food,Je viens de découvrir quelques astuces vraiment utiles pour tirer le meilleur parti de notre nouveau décodeur Wyplay.,8,8,9,17,5
5eece14ffc13ae6609000165,459,False,False,lifestyle,Je viens de découvrir quelques astuces vraiment utiles pour tirer le meilleur parti de notre nouveau décodeur Wyplay.,2,2,14,2,6
5eece14ffc13ae6609000165,460,False,False,travel,Je viens de découvrir quelques astuces vraiment utiles pour tirer le meilleur parti de notre nouveau décodeur Wyplay.,9,0,20,3,1
5eece14ffc13ae6609000168,461,True,True,tech,Je viens de découvrir quelques astuces vraiment utiles pour tirer le meilleur parti de notre nouveau décodeur Wyplay.,4,10,16,5,7
5eece14ffc13ae6609000168,462,False,False,food,Je viens de découvrir quelques astuces vraiment utiles pour tirer le meilleur parti de notre nouveau décodeur Wyplay.,6,3,14,20,4
5eece14ffc13ae6609000168,463,False,True,lifestyle,Je viens de découvrir quelques astuces vraiment utiles pour tirer le meilleur parti de notre nouveau décodeur Wyplay.,7,4,10,5,10
5eece14ffc13ae660900016b,464,True,True,travel,Je viens de découvrir quelques astuces vraiment utiles pour tirer le meilleur parti de notre nouveau décodeur Wyplay.,9,3,20,7,4
5eece14ffc13ae660900016b,465,True,True,tech,Je viens de découvrir quelques astuces vraiment utiles pour tirer le meilleur parti de notre nouveau décodeur Wyplay.,7,8,8,20,6
5eece14ffc13ae660900016b,466,False,True,lifestyle,Je viens de découvrir quelques astuces vraiment utiles pour tirer le meilleur parti de notre nouveau décodeur Wyplay.,9,5,11,6,3
5eece14ffc13ae660900016e,467,False,False,tech,Je viens de découvrir quelques astuces vraiment utiles pour tirer le meilleur parti de notre nouveau décodeur Wyplay.,4,2,5,3,7
5eece14ffc13ae660900016e,468,True,False,food,Je viens de découvrir quelques astuces vraiment utiles pour tirer le meilleur parti de notre nouveau décodeur Wyplay.,1,5,20,18,7
5eece14ffc13ae660900016e,469,False,True,travel,Je viens de découvrir quelques astuces vraiment utiles pour tirer le meilleur parti de notre nouveau décodeur Wyplay.,1,2,9,5,3
5eece14ffc13ae6609000171,470,False,False,food,Je viens de découvrir quelques astuces vraiment utiles pour tirer le meilleur parti de notre nouveau décodeur Wyplay.,1,9,4,8,1
5eece14ffc13ae6609000171,471,True,False,travel,Je viens de découvrir quelques astuces vraiment utiles pour tirer le meilleur parti de notre nouveau décodeur Wyplay.,7,10,2,0,4
5eece14ffc13ae6609000171,472,False,True,food,Je viens de découvrir quelques astuces vraiment utiles pour tirer le meilleur parti de notre nouveau décodeur Wyplay.,2,9,8,18,1
5eece14ffc13ae6609000174,473,True,True,travel,Je viens de découvrir quelques astuces vraiment utiles pour tirer le meilleur parti de notre nouveau décodeur Wyplay.,2,0,4,0,0
5eece14ffc13ae6609000174,474,False,False,tech,Je viens de découvrir quelques astuces vraiment utiles pour tirer le meilleur parti de notre nouveau décodeur Wyplay.,2,4,12,15,8
5eece14ffc13ae6609000174,475,False,True,tech,Je viens de découvrir quelques astuces vraiment utiles pour tirer le meilleur parti de notre nouveau décodeur Wyplay.,0,8,1,11,2
5eece14ffc13ae6609000177,476,False,False,food,Je viens de découvrir quelques astuces vraiment utiles pour tirer le meilleur parti de notre nouveau décodeur Wyplay.,4,7,17,3,6
5eece14ffc13ae6609000177,477,False,True,food,Je viens de découvrir quelques astuces vraiment utiles pour tirer le meilleur parti de notre nouveau décodeur Wyplay.,6,6,14,14,5
5eece14ffc13ae6609000177,478,True,True,lifestyle,Je viens de découvrir quelques astuces vraiment utiles pour tirer le meilleur parti de notre nouveau décodeur Wyplay.,6,1,5,20,0
5eece14ffc13ae660900017a,479,False,True,lifestyle,Je viens de découvrir quelques astuces vraiment utiles pour tirer le meilleur parti de notre nouveau décodeur Wyplay.,1,6,20,4,3
5eece14ffc13ae660900017a,480,True,False,food,Je viens de découvrir quelques astuces vraiment utiles pour tirer le meilleur parti de notre nouveau décodeur Wyplay.,0,8,18,4,8
5eece14ffc13ae660900017a,481,False,False,tech,Je viens de découvrir quelques astuces vraiment utiles pour tirer le meilleur parti de notre nouveau décodeur Wyplay.,9,4,0,12,10
5eece14ffc13ae660900017d,482,False,True,tech,Je viens de découvrir quelques astuces vraiment utiles pour tirer le meilleur parti de notre nouveau décodeur Wyplay.,9,4,14,4,3
5eece14ffc13ae660900017d,483,True,True,lifestyle,Je viens de découvrir quelques astuces vraiment utiles pour tirer le meilleur parti de notre nouveau décodeur Wyplay.,3,6,15,14,5
5eece14ffc13ae660900017d,484,False,True,tech,Je viens de découvrir quelques astuces vraiment utiles pour tirer le meilleur parti de notre nouveau décodeur Wyplay.,8,1,4,16,3
5eece14ffc13ae6609000180,485,False,True,travel,Je viens de découvrir quelques astuces vraiment utiles pour tirer le meilleur parti de notre nouveau décodeur Wyplay.,0,3,2,11,6
5eece14ffc13ae6609000180,486,True,False,food,Je viens de découvrir quelques astuces vraiment utiles pour tirer le meilleur parti de notre nouveau décodeur Wyplay.,2,9,11,17,4
5eece14ffc13ae6609000180,487,False,True,travel,Je viens de découvrir quelques astuces vraiment utiles pour tirer le meilleur parti de notre nouveau décodeur Wyplay.,9,3,6,6,2
5eece14ffc13ae6609000183,488,False,False,lifestyle,Je viens de découvrir quelques astuces vraiment utiles pour tirer le meilleur parti de notre nouveau décodeur Wyplay.,0,1,1,0,7
5eece14ffc13ae6609000183,489,False,False,tech,Je viens de découvrir quelques astuces vraiment utiles pour tirer le meilleur parti de notre nouveau décodeur Wyplay.,7,8,17,10,9
5eece14ffc13ae6609000183,490,False,True,travel,Je viens de découvrir quelques astuces vraiment utiles pour tirer le meilleur parti de notre nouveau décodeur Wyplay.,9,5,16,18,0
5eece14ffc13ae6609000186,491,True,True,travel,Je viens de découvrir quelques astuces vraiment utiles pour tirer le meilleur parti de notre nouveau décodeur Wyplay.,5,6,2,1,5
5eece14ffc13ae6609000186,492,False,True,food,Je viens de découvrir quelques astuces vraiment utiles pour tirer le meilleur parti de notre nouveau décodeur Wyplay.,5,0,6,14,8
5eece14ffc13ae6609000186,493,True,True,food,Je viens de découvrir quelques astuces vraiment utiles pour tirer le meilleur parti de notre nouveau décodeur Wyplay.,3,3,7,20,10
5eece14ffc13ae6609000189,494,True,True,lifestyle,Je viens de découvrir quelques astuces vraiment utiles pour tirer le meilleur parti de notre nouveau décodeur Wyplay.,9,3,19,18,5
5eece14ffc13ae6609000189,495,False,False,travel,Je viens de découvrir quelques astuces vraiment utiles pour tirer le meilleur parti de notre nouveau décodeur Wyplay.,4,4,16,20,9
5eece14ffc13ae6609000189,496,True,False,travel,Je viens de découvrir quelques astuces vraiment utiles pour tirer le meilleur parti de notre nouveau décodeur Wyplay.,9,6,19,2,10
5eece14ffc13ae660900018c,497,True,True,food,Je viens de découvrir quelques astuces vraiment utiles pour tirer le meilleur parti de notre nouveau décodeur Wyplay.,6,2,9,12,1
5eece14ffc13ae660900018c,498,True,False,food,Je viens de découvrir quelques astuces vraiment utiles pour tirer le meilleur parti de notre nouveau décodeur Wyplay.,8,10,0,17,0
5eece14ffc13ae660900018c,499,True,True,travel,Je viens de découvrir quelques astuces vraiment utiles pour tirer le meilleur parti de notre nouveau décodeur Wyplay.,2,3,7,1,8
5eece14ffc13ae660900018f,500,True,True,lifestyle,Je viens de découvrir quelques astuces vraiment utiles pour tirer le meilleur parti de notre nouveau décodeur Wyplay.,0,7,18,0,2
5eece14ffc13ae660900018f,501,True,False,lifestyle,Je viens de découvrir quelques astuces vraiment utiles pour tirer le meilleur parti de notre nouveau décodeur Wyplay.,4,0,0,0,1
5eece14ffc13ae660900018f,502,False,True,lifestyle,Je viens de découvrir quelques astuces vraiment utiles pour tirer le meilleur parti de notre nouveau décodeur Wyplay.,0,7,12,15,9
5eece14ffc13ae6609000192,503,False,False,travel,Je viens de découvrir quelques astuces vraiment utiles pour tirer le meilleur parti de notre nouveau décodeur Wyplay.,6,1,19,11,9
5eece14ffc13ae6609000192,504,True,False,tech,Je viens de découvrir quelques astuces vraiment utiles pour tirer le meilleur parti de notre nouveau décodeur Wyplay.,3,2,15,3,3
5eece14ffc13ae6609000192,505,True,True,travel,Je viens de découvrir quelques astuces vraiment utiles pour tirer le meilleur parti de notre nouveau décodeur Wyplay.,1,3,14,8,5
5eece14ffc13ae6609000195,506,True,True,travel,Je viens de découvrir quelques astuces vraiment utiles pour tirer le meilleur parti de notre nouveau décodeur Wyplay.,2,5,17,12,1
5eece14ffc13ae6609000195,507,True,False,food,Je viens de découvrir quelques astuces vraiment utiles pour tirer le meilleur parti de notre nouveau décodeur Wyplay.,3,5,8,11,7
5eece14ffc13ae6609000195,508,False,True,food,Je viens de découvrir quelques astuces vraiment utiles pour tirer le meilleur parti de notre nouveau décodeur Wyplay.,9,8,17,9,6
5eece14ffc13ae6609000198,509,False,False,lifestyle,Je viens de découvrir quelques astuces vraiment utiles pour tirer le meilleur parti de notre nouveau décodeur Wyplay.,5,2,1,10,3
5eece14ffc13ae6609000198,510,False,False,travel,Je viens de découvrir quelques astuces vraiment utiles pour tirer le meilleur parti de notre nouveau décodeur Wyplay.,4,10,20,15,4
5eece14ffc13ae6609000198,511,True,True,lifestyle,Je viens de découvrir quelques astuces vraiment utiles pour tirer le meilleur parti de notre nouveau décodeur Wyplay.,5,3,20,8,7
5eece14ffc13ae660900019b,512,False,False,lifestyle,Je viens de découvrir quelques astuces vraiment utiles pour tirer le meilleur parti de notre nouveau décodeur Wyplay.,8,0,16,9,6
5eece14ffc13ae660900019b,513,True,True,travel,Je viens de découvrir quelques astuces vraiment utiles pour tirer le meilleur parti de notre nouveau décodeur Wyplay.,0,2,11,16,7
5eece14ffc13ae660900019b,514,False,True,travel,Je viens de découvrir quelques astuces vraiment utiles pour tirer le meilleur parti de notre nouveau décodeur Wyplay.,0,10,16,3,10
5eece14ffc13ae660900019e,515,True,True,tech,Je viens de découvrir quelques astuces vraiment utiles pour tirer le meilleur parti de notre nouveau décodeur Wyplay.,8,0,1,16,9
5eece14ffc13ae660900019e,516,False,False,travel,Je viens de découvrir quelques astuces vraiment utiles pour tirer le meilleur parti de notre nouveau décodeur Wyplay.,5,4,13,5,4
5eece14ffc13ae660900019e,517,False,False,food,Je viens de découvrir quelques astuces vraiment utiles pour tirer le meilleur parti de notre nouveau décodeur Wyplay.,7,2,19,6,1
5eece14ffc13ae66090001a1,518,True,False,food,Je viens de découvrir quelques astuces vraiment utiles pour tirer le meilleur parti de notre nouveau décodeur Wyplay.,2,8,9,17,6
5eece14ffc13ae66090001a1,519,True,True,travel,Je viens de découvrir quelques astuces vraiment utiles pour tirer le meilleur parti de notre nouveau décodeur Wyplay.,4,10,7,0,10
5eece14ffc13ae66090001a1,520,False,False,food,Je viens de découvrir quelques astuces vraiment utiles pour tirer le meilleur parti de notre nouveau décodeur Wyplay.,0,2,18,6,5
5eece14ffc13ae66090001a4,521,True,True,lifestyle,Je viens de découvrir quelques astuces vraiment utiles pour tirer le meilleur parti de notre nouveau décodeur Wyplay.,1,8,4,3,9
5eece14ffc13ae66090001a4,522,True,False,lifestyle,Je viens de découvrir quelques astuces vraiment utiles pour tirer le meilleur parti de notre nouveau décodeur Wyplay.,4,8,0,10,9
5eece14ffc13ae66090001a4,523,False,False,travel,Je viens de découvrir quelques astuces vraiment utiles pour tirer le meilleur parti de notre nouveau décodeur Wyplay.,8,6,17,20,9
5eece14ffc13ae66090001a7,524,False,False,travel,Je viens de découvrir quelques astuces vraiment utiles pour tirer le meilleur parti de notre nouveau décodeur Wyplay.,3,6,4,3,8
5eece14ffc13ae66090001a7,525,True,True,food,Je viens de découvrir quelques astuces vraiment utiles pour tirer le meilleur parti de notre nouveau décodeur Wyplay.,1,0,11,1,7
5eece14ffc13ae66090001a7,526,True,False,lifestyle,Je viens de découvrir quelques astuces vraiment utiles pour tirer le meilleur parti de notre nouveau décodeur Wyplay.,1,8,16,19,4
5eece14ffc13ae66090001aa,527,True,True,food,Je viens de découvrir quelques astuces vraiment utiles pour tirer le meilleur parti de notre nouveau décodeur Wyplay.,1,1,16,17,7
5eece14ffc13ae66090001aa,528,False,False,food,Je viens de découvrir quelques astuces vraiment utiles pour tirer le meilleur parti de notre nouveau décodeur Wyplay.,10,1,16,5,7
5eece14ffc13ae66090001aa,529,True,True,lifestyle,Je viens de découvrir quelques astuces vraiment utiles pour tirer le meilleur parti de notre nouveau décodeur Wyplay.,5,2,20,1,8
5eece14ffc13ae66090001ad,530,True,True,lifestyle,Je viens de découvrir quelques astuces vraiment utiles pour tirer le meilleur parti de notre nouveau décodeur Wyplay.,0,2,18,15,8
5eece14ffc13ae66090001ad,531,False,False,tech,Je viens de découvrir quelques astuces vraiment utiles pour tirer le meilleur parti de notre nouveau décodeur Wyplay.,9,8,9,0,4
5eece14ffc13ae66090001ad,532,True,True,tech,Je viens de découvrir quelques astuces vraiment utiles pour tirer le meilleur parti de notre nouveau décodeur Wyplay.,8,1,12,15,3
5eece14ffc13ae66090001b0,533,True,True,lifestyle,Je viens de découvrir quelques astuces vraiment utiles pour tirer le meilleur parti de notre nouveau décodeur Wyplay.,5,0,6,1,0
5eece14ffc13ae66090001b0,534,False,True,travel,Je viens de découvrir quelques astuces vraiment utiles pour tirer le meilleur parti de notre nouveau décodeur Wyplay.,5,1,6,17,8
5eece14ffc13ae66090001b0,535,False,False,food,Je viens de découvrir quelques astuces vraiment utiles pour tirer le meilleur parti de notre nouveau décodeur Wyplay.,9,3,17,16,3
5eece14ffc13ae66090001b3,536,True,True,tech,Je viens de découvrir quelques astuces vraiment utiles pour tirer le meilleur parti de notre nouveau décodeur Wyplay.,1,10,20,17,8
5eece14ffc13ae66090001b3,537,True,False,travel,Je viens de découvrir quelques astuces vraiment utiles pour tirer le meilleur parti de notre nouveau décodeur Wyplay.,7,3,11,10,4
5eece14ffc13ae66090001b3,538,False,True,food,Je viens de découvrir quelques astuces vraiment utiles pour tirer le meilleur parti de notre nouveau décodeur Wyplay.,1,0,16,16,8
5eece14ffc13ae66090001b6,539,False,True,travel,Je viens de découvrir quelques astuces vraiment utiles pour tirer le meilleur parti de notre nouveau décodeur Wyplay.,3,6,20,5,1
5eece14ffc13ae66090001b6,540,False,False,lifestyle,Je viens de découvrir quelques astuces vraiment utiles pour tirer le meilleur parti de notre nouveau décodeur Wyplay.,2,6,0,10,2
5eece14ffc13ae66090001b6,541,False,True,tech,Je viens de découvrir quelques astuces vraiment utiles pour tirer le meilleur parti de notre nouveau décodeur Wyplay.,4,3,20,7,0
5eece14ffc13ae66090001b9,542,True,True,travel,Je viens de découvrir quelques astuces vraiment utiles pour tirer le meilleur parti de notre nouveau décodeur Wyplay.,5,7,20,15,9
5eece14ffc13ae66090001b9,543,True,True,tech,Je viens de découvrir quelques astuces vraiment utiles pour tirer le meilleur parti de notre nouveau décodeur Wyplay.,8,7,12,0,10
5eece14ffc13ae66090001b9,544,True,True,lifestyle,Je viens de découvrir quelques astuces vraiment utiles pour tirer le meilleur parti de notre nouveau décodeur Wyplay.,7,2,0,10,10
5eece14ffc13ae66090001bc,545,True,True,food,Je viens de découvrir quelques astuces vraiment utiles pour tirer le meilleur parti de notre nouveau décodeur Wyplay.,4,3,4,3,1
5eece14ffc13ae66090001bc,546,True,False,travel,Je viens de découvrir quelques astuces vraiment utiles pour tirer le meilleur parti de notre nouveau décodeur Wyplay.,2,6,11,12,4
5eece14ffc13ae66090001bc,547,True,False,lifestyle,Je viens de découvrir quelques astuces vraiment utiles pour tirer le meilleur parti de notre nouveau décodeur Wyplay.,2,9,18,6,9
5eece14ffc13ae66090001bf,548,True,False,food,Je viens de découvrir quelques astuces vraiment utiles pour tirer le meilleur parti de notre nouveau décodeur Wyplay.,3,5,16,9,10
5eece14ffc13ae66090001bf,549,False,False,food,Je viens de découvrir quelques astuces vraiment utiles pour tirer le meilleur parti de notre nouveau décodeur Wyplay.,8,5,16,4,7
5eece14ffc13ae66090001bf,550,False,False,lifestyle,Je viens de découvrir quelques astuces vraiment utiles pour tirer le meilleur parti de notre nouveau décodeur Wyplay.,5,4,7,1,6
5eece14ffc13ae66090001c2,551,False,False,lifestyle,Je viens de découvrir quelques astuces vraiment utiles pour tirer le meilleur parti de notre nouveau décodeur Wyplay.,6,0,9,3,10
5eece14ffc13ae66090001c2,552,True,True,travel,Je viens de découvrir quelques astuces vraiment utiles pour tirer le meilleur parti de notre nouveau décodeur Wyplay.,7,8,15,3,4
5eece14ffc13ae66090001c2,553,True,False,tech,Je viens de découvrir quelques astuces vraiment utiles pour tirer le meilleur parti de notre nouveau décodeur Wyplay.,3,5,7,13,2
5eece14ffc13ae66090001c5,554,False,True,food,Je viens de découvrir quelques astuces vraiment utiles pour tirer le meilleur parti de notre nouveau décodeur Wyplay.,4,1,16,20,6
5eece14ffc13ae66090001c5,555,True,True,food,Je viens de découvrir quelques astuces vraiment utiles pour tirer le meilleur parti de notre nouveau décodeur Wyplay.,1,7,18,3,3
5eece14ffc13ae66090001c5,556,False,True,tech,Je viens de découvrir quelques astuces vraiment utiles pour tirer le meilleur parti de notre nouveau décodeur Wyplay.,5,3,8,4,0
5eece14ffc13ae66090001c8,557,True,True,food,Je viens de découvrir quelques astuces vraiment utiles pour tirer le meilleur parti de notre nouveau décodeur Wyplay.,10,8,20,10,5
5eece14ffc13ae66090001c8,558,True,False,food,Je viens de découvrir quelques astuces vraiment utiles pour tirer le meilleur parti de notre nouveau décodeur Wyplay.,10,5,4,0,8
5eece14ffc13ae66090001c8,559,False,True,tech,Je viens de découvrir quelques astuces vraiment utiles pour tirer le meilleur parti de notre nouveau décodeur Wyplay.,10,2,2,19,8
5eece14ffc13ae66090001cb,560,True,False,travel,Je viens de découvrir quelques astuces vraiment utiles pour tirer le meilleur parti de notre nouveau décodeur Wyplay.,3,4,17,2,9
5eece14ffc13ae66090001cb,561,False,False,lifestyle,Je viens de découvrir quelques astuces vraiment utiles pour tirer le meilleur parti de notre nouveau décodeur Wyplay.,1,0,2,4,5
5eece14ffc13ae66090001cb,562,False,False,lifestyle,Je viens de découvrir quelques astuces vraiment utiles pour tirer le meilleur parti de notre nouveau décodeur Wyplay.,10,0,15,14,3
5eece14ffc13ae66090001ce,563,True,True,lifestyle,Je viens de découvrir quelques astuces vraiment utiles pour tirer le meilleur parti de notre nouveau décodeur Wyplay.,6,8,11,15,2
5eece14ffc13ae66090001ce,564,False,False,lifestyle,Je viens de découvrir quelques astuces vraiment utiles pour tirer le meilleur parti de notre nouveau décodeur Wyplay.,1,10,8,6,9
5eece14ffc13ae66090001ce,565,True,False,food,Je viens de découvrir quelques astuces vraiment utiles pour tirer le meilleur parti de notre nouveau décodeur Wyplay.,0,3,0,7,10
5eece14ffc13ae66090001d1,566,False,True,tech,Je viens de découvrir quelques astuces vraiment utiles pour tirer le meilleur parti de notre nouveau décodeur Wyplay.,6,0,4,2,0
5eece14ffc13ae66090001d1,567,True,True,lifestyle,Je viens de découvrir quelques astuces vraiment utiles pour tirer le meilleur parti de notre nouveau décodeur Wyplay.,0,8,5,4,10
5eece14ffc13ae66090001d1,568,False,False,lifestyle,Je viens de découvrir quelques astuces vraiment utiles pour tirer le meilleur parti de notre nouveau décodeur Wyplay.,0,1,15,8,10
5eece14ffc13ae66090001d4,569,True,False,travel,Je viens de découvrir quelques astuces vraiment utiles pour tirer le meilleur parti de notre nouveau décodeur Wyplay.,10,10,0,3,6
5eece14ffc13ae66090001d4,570,False,False,travel,Je viens de découvrir quelques astuces vraiment utiles pour tirer le meilleur parti de notre nouveau décodeur Wyplay.,9,4,9,5,7
5eece14ffc13ae66090001d4,571,True,False,food,Je viens de découvrir quelques astuces vraiment utiles pour tirer le meilleur parti de notre nouveau décodeur Wyplay.,3,1,6,18,6
5eece14ffc13ae66090001d7,572,True,True,travel,Je viens de découvrir quelques astuces vraiment utiles pour tirer le meilleur parti de notre nouveau décodeur Wyplay.,4,4,9,4,6
5eece14ffc13ae66090001d7,573,False,False,lifestyle,Je viens de découvrir quelques astuces vraiment utiles pour tirer le meilleur parti de notre nouveau décodeur Wyplay.,5,0,13,17,0
5eece14ffc13ae66090001d7,574,False,True,food,Je viens de découvrir quelques astuces vraiment utiles pour tirer le meilleur parti de notre nouveau décodeur Wyplay.,0,0,16,16,4
5eece14ffc13ae66090001da,575,False,False,travel,Je viens de découvrir quelques astuces vraiment utiles pour tirer le meilleur parti de notre nouveau décodeur Wyplay.,7,3,4,5,10
5eece14ffc13ae66090001da,576,True,False,food,Je viens de découvrir quelques astuces vraiment utiles pour tirer le meilleur parti de notre nouveau décodeur Wyplay.,5,0,1,3,8
5eece14ffc13ae66090001da,577,False,False,food,Je viens de découvrir quelques astuces vraiment utiles pour tirer le meilleur parti de notre nouveau décodeur Wyplay.,9,5,14,4,6
5eece14ffc13ae66090001dd,578,False,False,tech,Je viens de découvrir quelques astuces vraiment utiles pour tirer le meilleur parti de notre nouveau décodeur Wyplay.,5,0,15,5,0
5eece14ffc13ae66090001dd,579,True,False,lifestyle,Je viens de découvrir quelques astuces vraiment utiles pour tirer le meilleur parti de notre nouveau décodeur Wyplay.,7,10,2,9,4
5eece14ffc13ae66090001dd,580,True,True,tech,Je viens de découvrir quelques astuces vraiment utiles pour tirer le meilleur parti de notre nouveau décodeur Wyplay.,6,5,16,14,3
5eece14ffc13ae66090001e0,581,True,True,tech,Je viens de découvrir quelques astuces vraiment utiles pour tirer le meilleur parti de notre nouveau décodeur Wyplay.,6,0,17,4,1
5eece14ffc13ae66090001e0,582,True,True,tech,Je viens de découvrir quelques astuces vraiment utiles pour tirer le meilleur parti de notre nouveau décodeur Wyplay.,5,5,20,13,5
5eece14ffc13ae66090001e0,583,False,False,lifestyle,Je viens de découvrir quelques astuces vraiment utiles pour tirer le meilleur parti de notre nouveau décodeur Wyplay.,9,6,10,13,0
5eece14ffc13ae66090001e3,584,True,False,food,Je viens de découvrir quelques astuces vraiment utiles pour tirer le meilleur parti de notre nouveau décodeur Wyplay.,7,2,12,19,10
5eece14ffc13ae66090001e3,585,False,False,food,Je viens de découvrir quelques astuces vraiment utiles pour tirer le meilleur parti de notre nouveau décodeur Wyplay.,1,9,15,18,10
5eece14ffc13ae66090001e3,586,False,False,lifestyle,Je viens de découvrir quelques astuces vraiment utiles pour tirer le meilleur parti de notre nouveau décodeur Wyplay.,10,3,1,1,10
5eece14ffc13ae66090001e6,587,True,False,food,Je viens de découvrir quelques astuces vraiment utiles pour tirer le meilleur parti de notre nouveau décodeur Wyplay.,10,3,0,3,7
5eece14ffc13ae66090001e6,588,True,False,lifestyle,Je viens de découvrir quelques astuces vraiment utiles pour tirer le meilleur parti de notre nouveau décodeur Wyplay.,6,8,18,7,3
5eece14ffc13ae66090001e6,589,False,True,food,Je viens de découvrir quelques astuces vraiment utiles pour tirer le meilleur parti de notre nouveau décodeur Wyplay.,3,4,17,3,3
5eece14ffc13ae66090001e9,590,True,False,tech,Je viens de découvrir quelques astuces vraiment utiles pour tirer le meilleur parti de notre nouveau décodeur Wyplay.,5,2,6,8,9
5eece14ffc13ae66090001e9,591,True,False,food,Je viens de découvrir quelques astuces vraiment utiles pour tirer le meilleur parti de notre nouveau décodeur Wyplay.,10,10,10,14,10
5eece14ffc13ae66090001e9,592,False,True,tech,Je viens de découvrir quelques astuces vraiment utiles pour tirer le meilleur parti de notre nouveau décodeur Wyplay.,5,10,3,0,0
5eece14ffc13ae66090001ec,593,False,True,lifestyle,Je viens de découvrir quelques astuces vraiment utiles pour tirer le meilleur parti de notre nouveau décodeur Wyplay.,3,3,6,18,8
5eece14ffc13ae66090001ec,594,False,False,lifestyle,Je viens de découvrir quelques astuces vraiment utiles pour tirer le meilleur parti de notre nouveau décodeur Wyplay.,2,5,8,1,6
5eece14ffc13ae66090001ec,595,False,False,lifestyle,Je viens de découvrir quelques astuces vraiment utiles pour tirer le meilleur parti de notre nouveau décodeur Wyplay.,3,0,4,6,8
5eece14ffc13ae66090001ef,596,False,False,food,Je viens de découvrir quelques astuces vraiment utiles pour tirer le meilleur parti de notre nouveau décodeur Wyplay.,10,7,11,17,1
5eece14ffc13ae66090001ef,597,False,True,food,Je viens de découvrir quelques astuces vraiment utiles pour tirer le meilleur parti de notre nouveau décodeur Wyplay.,8,9,16,12,0
5eece14ffc13ae66090001ef,598,True,False,food,Je viens de découvrir quelques astuces vraiment utiles pour tirer le meilleur parti de notre nouveau décodeur Wyplay.,1,2,16,10,4
5eece14ffc13ae66090001f2,599,False,True,tech,Je viens de découvrir quelques astuces vraiment utiles pour tirer le meilleur parti de notre nouveau décodeur Wyplay.,9,1,6,5,0
5eece14ffc13ae66090001f2,600,False,False,food,Je viens de découvrir quelques astuces vraiment utiles pour tirer le meilleur parti de notre nouveau décodeur Wyplay.,5,1,15,1,6
